Abbreviation,Selected Map,Total_EV,Shift,Shift tooltip,I_Nominee tooltip,blank,D-Check,D_Nominee_prop,Color Bins,Independent spacing,Direction,Spacer,R-Check,D_Percentage,D_DifferencePercentage,D_Difference,D_EV,D_EV_Total,D_Nominee,R_Nominee_prop,D_PopularPercentage,D_Votes,D_Votes_Total,Hex_Column,Hex_Row,I_Percentage,I_EV,I_EV_Total,I_Nominee tooltip ●,I_Nominee tooltip ')',I_Nominee tooltip 'Percentage)',I_Nominee tooltip '(',I_Nominee,I_PopularPercentage,I_Votes,I_Votes_Total,Independent spacing (popular),Info,Last_RD_Difference,Last_Winner,Last_Winner_Percentage,Number of Records,RD_Difference (bin),RD_Difference,R_Percentage,R_DifferencePercentage,R_Difference,R_EV,R_EV_Total,R_Nominee,I_Nominee_prop,R_PopularPercentage,R_Votes,R_Votes_Total,Region,Row,Shift :(l/r),Shift abbreviation,Space,State (red),State (blue),State (yellow),State,State_Winner,Total Votes,Total_Votes_USA,Winner_Percentage,Winning Party,Year
MN,Hex,10,18,% shift to the left,,,ü,Jimmy Carter,B,,Left,0,,54.9,8.8,268094,10,297,JIMMY CARTER,Gerald R. Ford,50.1%,1070440,40830763,4.5,2,,,,,,,,,,,,,"The United States presidential election of 1976 followed the resignation of President Richard Nixon in the wake of the Watergate scandal. It pitted incumbent President Gerald Ford, the Republican candidate, against the relatively unknown former governor of Georgia, Jimmy Carter, the Democratic candidate. Ford was saddled with a slow economy and paid a political price for his pardon of Nixon. Carter ran as a Washington outsider and reformer and won a narrow victory. He was the first president elected from the Deep South since Zachary Taylor in 1848.",5.5,R,51.6,1,-15,-12.9,42.0,-9.6,-78874,,240,GERALD R. FORD, ,48.0%,819395,39147793,Midwest,2,-18.4,0.5,5,,Minnesota,,Minnesota,D,1949931,81555889,-54.9,D,1976
WI,Hex,11,11,% shift to the left,,,ü,Jimmy Carter,A,,Left,0,,49.4,5.7,230058,11,297,JIMMY CARTER,Gerald R. Ford,50.1%,1040232,40830763,5.5,2,,,,,,,,,,,,,"The United States presidential election of 1976 followed the resignation of President Richard Nixon in the wake of the Watergate scandal. It pitted incumbent President Gerald Ford, the Republican candidate, against the relatively unknown former governor of Georgia, Jimmy Carter, the Democratic candidate. Ford was saddled with a slow economy and paid a political price for his pardon of Nixon. Carter ran as a Washington outsider and reformer and won a narrow victory. He was the first president elected from the Deep South since Zachary Taylor in 1848.",9.7,R,53.4,1,-5,-1.6,47.8,-5.6,15557,,240,GERALD R. FORD, ,48.0%,1004987,39147793,Midwest,2,-11.3,0.5,7,,Wisconsin,,Wisconsin,D,2104175,81555889,-49.4,D,1976
OH,Hex,25,22,% shift to the left,,,ü,Jimmy Carter,A,,Left,0,,48.9,10.8,452732,25,297,JIMMY CARTER,Gerald R. Ford,50.1%,2011621,40830763,8,3,,,,,,,,,,,,,"The United States presidential election of 1976 followed the resignation of President Richard Nixon in the wake of the Watergate scandal. It pitted incumbent President Gerald Ford, the Republican candidate, against the relatively unknown former governor of Georgia, Jimmy Carter, the Democratic candidate. Ford was saddled with a slow economy and paid a political price for his pardon of Nixon. Carter ran as a Washington outsider and reformer and won a narrow victory. He was the first president elected from the Deep South since Zachary Taylor in 1848.",21.5,R,59.6,1,-5,-0.200000000,48.7,-10.9,-441322,,240,GERALD R. FORD, ,48.0%,2000505,39147793,Midwest,3,-21.7,0.5,7,,Ohio,,Ohio,D,4111873,81555889,-48.9,D,1976
MO,Hex,12,28,% shift to the left,,,ü,Jimmy Carter,A,,Left,0,,51.1,13.5,301240,12,297,JIMMY CARTER,Gerald R. Ford,50.1%,998387,40830763,5.5,4,,,,,,,,,,,,,"The United States presidential election of 1976 followed the resignation of President Richard Nixon in the wake of the Watergate scandal. It pitted incumbent President Gerald Ford, the Republican candidate, against the relatively unknown former governor of Georgia, Jimmy Carter, the Democratic candidate. Ford was saddled with a slow economy and paid a political price for his pardon of Nixon. Carter ran as a Washington outsider and reformer and won a narrow victory. He was the first president elected from the Deep South since Zachary Taylor in 1848.",24.6,R,62.2,1,-5,-3.6,47.5,-14.7,-226409,,240,GERALD R. FORD, ,48.0%,927443,39147793,Midwest,4,-28.2,0.5,5,,Missouri,,Missouri,D,1953600,81555889,-51.1,D,1976
MA,Hex,14,7,% shift to the left,,,ü,Jimmy Carter,B,,Left,0,,56.1,1.9,96935,14,297,JIMMY CARTER,Gerald R. Ford,50.1%,1429475,40830763,10.5,2,,,,,,,,,,,,,"The United States presidential election of 1976 followed the resignation of President Richard Nixon in the wake of the Watergate scandal. It pitted incumbent President Gerald Ford, the Republican candidate, against the relatively unknown former governor of Georgia, Jimmy Carter, the Democratic candidate. Ford was saddled with a slow economy and paid a political price for his pardon of Nixon. Carter ran as a Washington outsider and reformer and won a narrow victory. He was the first president elected from the Deep South since Zachary Taylor in 1848.",-9,D,-54.2,1,-20,-15.7,40.4,-4.8,-81802,,240,GERALD R. FORD, ,48.0%,1030276,39147793,Northeast,2,-6.7,0.5,11,,Massachusetts,,Massachusetts,D,2547558,81555889,-56.1,D,1976
DC,Hex,3,9,% shift to the left,,,ü,Jimmy Carter,E,,Left,0,,81.6,3.5,10191,3,297,JIMMY CARTER,Gerald R. Ford,50.1%,137818,40830763,12,5,,,,,,,,,,,,,"The United States presidential election of 1976 followed the resignation of President Richard Nixon in the wake of the Watergate scandal. It pitted incumbent President Gerald Ford, the Republican candidate, against the relatively unknown former governor of Georgia, Jimmy Carter, the Democratic candidate. Ford was saddled with a slow economy and paid a political price for his pardon of Nixon. Carter ran as a Washington outsider and reformer and won a narrow victory. He was the first president elected from the Deep South since Zachary Taylor in 1848.",-56.5,D,-78.1,1,-70,-65.1,16.5,-5.1,-7353,,240,GERALD R. FORD, ,48.0%,27873,39147793,Northeast,4,-8.6,0.5,10,,Dist. of Col.,,Dist. of Col.,D,168830,81555889,-81.6,D,1976
NY,Hex,41,22,% shift to the left,,,ü,Jimmy Carter,A,,Left,0,,51.9,10.7,438474,41,297,JIMMY CARTER,Gerald R. Ford,50.1%,3389558,40830763,9.5,2,,,,,,,,,,,,,"The United States presidential election of 1976 followed the resignation of President Richard Nixon in the wake of the Watergate scandal. It pitted incumbent President Gerald Ford, the Republican candidate, against the relatively unknown former governor of Georgia, Jimmy Carter, the Democratic candidate. Ford was saddled with a slow economy and paid a political price for his pardon of Nixon. Carter ran as a Washington outsider and reformer and won a narrow victory. He was the first president elected from the Deep South since Zachary Taylor in 1848.",17.3,R,58.5,1,-5,-4.4,47.5,-11,-1091987,,240,GERALD R. FORD, ,48.0%,3100791,39147793,Northeast,2,-21.7,0.5,9,,New York,,New York,D,6534170,81555889,-51.9,D,1976
RI,Hex,4,18,% shift to the left,,,ü,Jimmy Carter,B,,Left,0,,55.4,8.6,32991,4,297,JIMMY CARTER,Gerald R. Ford,50.1%,227636,40830763,11.5,2,,,,,,,,,,,,,"The United States presidential election of 1976 followed the resignation of President Richard Nixon in the wake of the Watergate scandal. It pitted incumbent President Gerald Ford, the Republican candidate, against the relatively unknown former governor of Georgia, Jimmy Carter, the Democratic candidate. Ford was saddled with a slow economy and paid a political price for his pardon of Nixon. Carter ran as a Washington outsider and reformer and won a narrow victory. He was the first president elected from the Deep South since Zachary Taylor in 1848.",6.2,R,53,1,-15,-11.3,44.1,-8.9,-39134,,240,GERALD R. FORD, ,48.0%,181249,39147793,Northeast,2,-17.5,0.5,10,,Rhode Island,,Rhode Island,D,411170,81555889,-55.4,D,1976
PA,Hex,27,23,% shift to the left,,,ü,Jimmy Carter,A,,Left,0,,50.4,11.3,531726,27,297,JIMMY CARTER,Gerald R. Ford,50.1%,2328677,40830763,9,3,,,,,,,,,,,,,"The United States presidential election of 1976 followed the resignation of President Richard Nixon in the wake of the Watergate scandal. It pitted incumbent President Gerald Ford, the Republican candidate, against the relatively unknown former governor of Georgia, Jimmy Carter, the Democratic candidate. Ford was saddled with a slow economy and paid a political price for his pardon of Nixon. Carter ran as a Washington outsider and reformer and won a narrow victory. He was the first president elected from the Deep South since Zachary Taylor in 1848.",20,R,59.1,1,-5,-2.7,47.7,-11.4,-508917,,240,GERALD R. FORD, ,48.0%,2205604,39147793,Northeast,3,-22.7,0.5,8,,Pennsylvania,,Pennsylvania,D,4620787,81555889,-50.4,D,1976
DE,Hex,3,26,% shift to the left,,,ü,Jimmy Carter,A,,Left,0,,52.0,12.8,30313,3,297,JIMMY CARTER,Gerald R. Ford,50.1%,122596,40830763,9.5,4,,,,,,,,,,,,,"The United States presidential election of 1976 followed the resignation of President Richard Nixon in the wake of the Watergate scandal. It pitted incumbent President Gerald Ford, the Republican candidate, against the relatively unknown former governor of Georgia, Jimmy Carter, the Democratic candidate. Ford was saddled with a slow economy and paid a political price for his pardon of Nixon. Carter ran as a Washington outsider and reformer and won a narrow victory. He was the first president elected from the Deep South since Zachary Taylor in 1848.",20.4,R,59.6,1,-10,-5.4,46.6,-13,-30526,,240,GERALD R. FORD, ,48.0%,109831,39147793,Northeast,5,-25.8,0.5,9,,Delaware,,Delaware,D,235834,81555889,-52,D,1976
KY,Hex,9,36,% shift to the left,,,ü,Jimmy Carter,A,,Left,0,,52.8,18,244558,9,297,JIMMY CARTER,Gerald R. Ford,50.1%,615717,40830763,6.5,4,,,,,,,,,,,,,"The United States presidential election of 1976 followed the resignation of President Richard Nixon in the wake of the Watergate scandal. It pitted incumbent President Gerald Ford, the Republican candidate, against the relatively unknown former governor of Georgia, Jimmy Carter, the Democratic candidate. Ford was saddled with a slow economy and paid a political price for his pardon of Nixon. Carter ran as a Washington outsider and reformer and won a narrow victory. He was the first president elected from the Deep South since Zachary Taylor in 1848.",28.6,R,63.4,1,-10,-7.2,45.6,-17.8,-144594,,240,GERALD R. FORD, ,48.0%,531852,39147793,South,4,-35.8,0.5,6,,Kentucky,,Kentucky,D,1167142,81555889,-52.8,D,1976
WV,Hex,6,43,% shift to the left,,,ü,Jimmy Carter,B,,Left,0,,58.0,21.6,158479,6,297,JIMMY CARTER,Gerald R. Ford,50.1%,435914,40830763,7.5,4,,,,,,,,,,,,,"The United States presidential election of 1976 followed the resignation of President Richard Nixon in the wake of the Watergate scandal. It pitted incumbent President Gerald Ford, the Republican candidate, against the relatively unknown former governor of Georgia, Jimmy Carter, the Democratic candidate. Ford was saddled with a slow economy and paid a political price for his pardon of Nixon. Carter ran as a Washington outsider and reformer and won a narrow victory. He was the first president elected from the Deep South since Zachary Taylor in 1848.",27.2,R,63.6,1,-20,-16.1,41.9,-21.7,-170204,,240,GERALD R. FORD, ,48.0%,314760,39147793,South,4,-43.3,0.5,7,,West Virginia,,West Virginia,D,750964,81555889,-58,D,1976
MD,Hex,10,30,% shift to the left,,,ü,Jimmy Carter,A,,Left,0,,52.8,15.4,253831,10,297,JIMMY CARTER,Gerald R. Ford,50.1%,759612,40830763,8.5,4,,,,,,,,,,,,,"The United States presidential election of 1976 followed the resignation of President Richard Nixon in the wake of the Watergate scandal. It pitted incumbent President Gerald Ford, the Republican candidate, against the relatively unknown former governor of Georgia, Jimmy Carter, the Democratic candidate. Ford was saddled with a slow economy and paid a political price for his pardon of Nixon. Carter ran as a Washington outsider and reformer and won a narrow victory. He was the first president elected from the Deep South since Zachary Taylor in 1848.",23.9,R,61.3,1,-10,-6.100000000,46.7,-14.6,-156644,,240,GERALD R. FORD, ,48.0%,672661,39147793,South,4,-30.0,0.5,9,,Maryland,,Maryland,D,1439897,81555889,-52.8,D,1976
AR,Hex,6,68,% shift to the left,,,ü,Jimmy Carter,D,,Left,0,,65.0,34.3,298712,6,297,JIMMY CARTER,Gerald R. Ford,50.1%,498604,40830763,6,5,,,,,,,,,,,,,"The United States presidential election of 1976 followed the resignation of President Richard Nixon in the wake of the Watergate scandal. It pitted incumbent President Gerald Ford, the Republican candidate, against the relatively unknown former governor of Georgia, Jimmy Carter, the Democratic candidate. Ford was saddled with a slow economy and paid a political price for his pardon of Nixon. Carter ran as a Washington outsider and reformer and won a narrow victory. He was the first president elected from the Deep South since Zachary Taylor in 1848.",38.2,R,68.9,1,-35,-30.1,34.9,-34,-180638,,240,GERALD R. FORD, ,48.0%,267903,39147793,South,5,-68.3,0.5,5,,Arkansas,,Arkansas,D,767535,81555889,-65,D,1976
TN,Hex,10,51,% shift to the left,,,ü,Jimmy Carter,B,,Left,0,,55.9,26.2,468586,10,297,JIMMY CARTER,Gerald R. Ford,50.1%,825879,40830763,7,5,,,,,,,,,,,,,"The United States presidential election of 1976 followed the resignation of President Richard Nixon in the wake of the Watergate scandal. It pitted incumbent President Gerald Ford, the Republican candidate, against the relatively unknown former governor of Georgia, Jimmy Carter, the Democratic candidate. Ford was saddled with a slow economy and paid a political price for his pardon of Nixon. Carter ran as a Washington outsider and reformer and won a narrow victory. He was the first president elected from the Deep South since Zachary Taylor in 1848.",38,R,67.7,1,-15,-13,42.9,-24.8,-179178,,240,GERALD R. FORD, ,48.0%,633969,39147793,South,5,-51.0,0.5,6,,Tennessee,,Tennessee,D,1476345,81555889,-55.9,D,1976
NC,Hex,13,52,% shift to the left,,,ü,Jimmy Carter,B,,Left,0,,55.2,26.3,488660,13,297,JIMMY CARTER,Gerald R. Ford,50.1%,927365,40830763,9,5,,,,,,,,,,,,,"The United States presidential election of 1976 followed the resignation of President Richard Nixon in the wake of the Watergate scandal. It pitted incumbent President Gerald Ford, the Republican candidate, against the relatively unknown former governor of Georgia, Jimmy Carter, the Democratic candidate. Ford was saddled with a slow economy and paid a political price for his pardon of Nixon. Carter ran as a Washington outsider and reformer and won a narrow victory. He was the first president elected from the Deep South since Zachary Taylor in 1848.",40.6,R,69.5,1,-15,-11,44.2,-25.3,-312929,,240,GERALD R. FORD, ,48.0%,741960,39147793,South,5,-51.6,0.5,7,,North Carolina,,North Carolina,D,1678914,81555889,-55.2,D,1976
SC,Hex,8,56,% shift to the left,,,ü,Jimmy Carter,B,,Left,0,,56.2,28.5,263983,8,297,JIMMY CARTER,Gerald R. Ford,50.1%,450807,40830763,8.5,6,,,,,,,,,,,,,"The United States presidential election of 1976 followed the resignation of President Richard Nixon in the wake of the Watergate scandal. It pitted incumbent President Gerald Ford, the Republican candidate, against the relatively unknown former governor of Georgia, Jimmy Carter, the Democratic candidate. Ford was saddled with a slow economy and paid a political price for his pardon of Nixon. Carter ran as a Washington outsider and reformer and won a narrow victory. He was the first president elected from the Deep South since Zachary Taylor in 1848.",43.1,R,70.8,1,-15,-13.1,43.1,-27.7,-130895,,240,GERALD R. FORD, ,48.0%,346149,39147793,South,5,-56.2,0.5,8,,South Carolina,,South Carolina,D,802583,81555889,-56.2,D,1976
LA,Hex,10,43,% shift to the left,,,ü,Jimmy Carter,A,,Left,0,,51.7,23.3,363223,10,297,JIMMY CARTER,Gerald R. Ford,50.1%,661365,40830763,5.5,6,,,,,,,,,,,,,"The United States presidential election of 1976 followed the resignation of President Richard Nixon in the wake of the Watergate scandal. It pitted incumbent President Gerald Ford, the Republican candidate, against the relatively unknown former governor of Georgia, Jimmy Carter, the Democratic candidate. Ford was saddled with a slow economy and paid a political price for his pardon of Nixon. Carter ran as a Washington outsider and reformer and won a narrow victory. He was the first president elected from the Deep South since Zachary Taylor in 1848.",36.9,R,65.3,1,-10,-5.7,46.0,-19.3,-99406,,240,GERALD R. FORD, ,48.0%,587446,39147793,South,6,-42.6,0.5,5,,Louisiana,,Louisiana,D,1278439,81555889,-51.7,D,1976
MS,Hex,7,61,% shift to the left,,,ü,Jimmy Carter,A,,Left,0,,49.6,30,254527,7,297,JIMMY CARTER,Gerald R. Ford,50.1%,381309,40830763,6.5,6,,,,,,,,,,,,,"The United States presidential election of 1976 followed the resignation of President Richard Nixon in the wake of the Watergate scandal. It pitted incumbent President Gerald Ford, the Republican candidate, against the relatively unknown former governor of Georgia, Jimmy Carter, the Democratic candidate. Ford was saddled with a slow economy and paid a political price for his pardon of Nixon. Carter ran as a Washington outsider and reformer and won a narrow victory. He was the first president elected from the Deep South since Zachary Taylor in 1848.",58.6,R,78.2,1,-5,-1.9,47.7,-30.5,-138279,,240,GERALD R. FORD, ,48.0%,366846,39147793,South,6,-60.5,0.5,6,,Mississippi,,Mississippi,D,769361,81555889,-49.6,D,1976
AL,Hex,9,60,% shift to the left,,,ü,Jimmy Carter,B,,Left,0,,55.7,30.2,402247,9,297,JIMMY CARTER,Gerald R. Ford,50.1%,659170,40830763,7.5,6,,,,,,,,,,,,,"The United States presidential election of 1976 followed the resignation of President Richard Nixon in the wake of the Watergate scandal. It pitted incumbent President Gerald Ford, the Republican candidate, against the relatively unknown former governor of Georgia, Jimmy Carter, the Democratic candidate. Ford was saddled with a slow economy and paid a political price for his pardon of Nixon. Carter ran as a Washington outsider and reformer and won a narrow victory. He was the first president elected from the Deep South since Zachary Taylor in 1848.",46.9,R,72.4,1,-15,-13.1,42.6,-29.8,-224631,,240,GERALD R. FORD, ,48.0%,504070,39147793,South,6,-60.0,0.5,7,,Alabama,,Alabama,D,1182850,81555889,-55.7,D,1976
GA,Hex,12,84,% shift to the left,,,ü,Jimmy Carter,D,,Left,0,,66.7,42.1,689880,12,297,JIMMY CARTER,Gerald R. Ford,50.1%,979409,40830763,8,7,,,,,,,,,,,,,"The United States presidential election of 1976 followed the resignation of President Richard Nixon in the wake of the Watergate scandal. It pitted incumbent President Gerald Ford, the Republican candidate, against the relatively unknown former governor of Georgia, Jimmy Carter, the Democratic candidate. Ford was saddled with a slow economy and paid a political price for his pardon of Nixon. Carter ran as a Washington outsider and reformer and won a narrow victory. He was the first president elected from the Deep South since Zachary Taylor in 1848.",50.4,R,75,1,-35,-33.7,33.0,-42,-397753,,240,GERALD R. FORD, ,48.0%,483743,39147793,South,6,-84.1,0.5,8,,Georgia,,Georgia,D,1467458,81555889,-66.7,D,1976
TX,Hex,26,36,% shift to the left,,,ü,Jimmy Carter,A,,Left,0,,51.1,17.8,928030,26,297,JIMMY CARTER,Gerald R. Ford,50.1%,2082319,40830763,4,7,,,,,,,,,,,,,"The United States presidential election of 1976 followed the resignation of President Richard Nixon in the wake of the Watergate scandal. It pitted incumbent President Gerald Ford, the Republican candidate, against the relatively unknown former governor of Georgia, Jimmy Carter, the Democratic candidate. Ford was saddled with a slow economy and paid a political price for his pardon of Nixon. Carter ran as a Washington outsider and reformer and won a narrow victory. He was the first president elected from the Deep South since Zachary Taylor in 1848.",32.9,R,66.2,1,-5,-3.1,48.0,-18.2,-345596,,240,GERALD R. FORD, ,48.0%,1953300,39147793,South,7,-36.0,0.5,4,,Texas,,Texas,D,4071884,81555889,-51.1,D,1976
FL,Hex,17,49,% shift to the left,,,ü,Jimmy Carter,A,,Left,0,,51.9,24.1,917883,17,297,JIMMY CARTER,Gerald R. Ford,50.1%,1636000,40830763,8.5,8,,,,,,,,,,,,,"The United States presidential election of 1976 followed the resignation of President Richard Nixon in the wake of the Watergate scandal. It pitted incumbent President Gerald Ford, the Republican candidate, against the relatively unknown former governor of Georgia, Jimmy Carter, the Democratic candidate. Ford was saddled with a slow economy and paid a political price for his pardon of Nixon. Carter ran as a Washington outsider and reformer and won a narrow victory. He was the first president elected from the Deep South since Zachary Taylor in 1848.",44.1,R,71.9,1,-10,-5.3,46.6,-25.3,-388228,,240,GERALD R. FORD, ,48.0%,1469531,39147793,South,7,-49.4,0.5,9,,Florida,,Florida,D,3150631,81555889,-51.9,D,1976
HI,Hex,4,28,% shift to the left,,,ü,Jimmy Carter,A,,Left,0,,50.6,13.1,45966,4,297,JIMMY CARTER,Gerald R. Ford,50.1%,147375,40830763,-0.5,5,,,,,,,,,,,,,"The United States presidential election of 1976 followed the resignation of President Richard Nixon in the wake of the Watergate scandal. It pitted incumbent President Gerald Ford, the Republican candidate, against the relatively unknown former governor of Georgia, Jimmy Carter, the Democratic candidate. Ford was saddled with a slow economy and paid a political price for his pardon of Nixon. Carter ran as a Washington outsider and reformer and won a narrow victory. He was the first president elected from the Deep South since Zachary Taylor in 1848.",25,R,62.5,1,-5,-2.5,48.1,-14.4,-28862,,240,GERALD R. FORD, ,48.0%,140003,39147793,West,7,-27.5,0.5,1,,Hawaii,,Hawaii,D,291301,81555889,-50.6,D,1976
ND,Hex,3,21,% shift to the left,,,ü,Jimmy Carter,F,,Left,0,,45.8,10,35694,,297,JIMMY CARTER,Gerald R. Ford,50.1%,136078,40830763,3.5,2,,,,,,,,,,,,,"The United States presidential election of 1976 followed the resignation of President Richard Nixon in the wake of the Watergate scandal. It pitted incumbent President Gerald Ford, the Republican candidate, against the relatively unknown former governor of Georgia, Jimmy Carter, the Democratic candidate. Ford was saddled with a slow economy and paid a political price for his pardon of Nixon. Carter ran as a Washington outsider and reformer and won a narrow victory. He was the first president elected from the Deep South since Zachary Taylor in 1848.",26.3,R,62.1,1,5,5.8,51.6,-10.5,-20639,3,240,GERALD R. FORD, ,48.0%,153470,39147793,Midwest,2,-20.5,0.5,4,North Dakota,,,North Dakota,R,297188,81555889,51.6,D,1976
MI,Hex,21,9,% shift to the left,,,ü,Jimmy Carter,F,,Left,0,,46.4,4.6,237279,,297,JIMMY CARTER,Gerald R. Ford,50.1%,1696714,40830763,7.5,2,,,,,,,,,,,,,"The United States presidential election of 1976 followed the resignation of President Richard Nixon in the wake of the Watergate scandal. It pitted incumbent President Gerald Ford, the Republican candidate, against the relatively unknown former governor of Georgia, Jimmy Carter, the Democratic candidate. Ford was saddled with a slow economy and paid a political price for his pardon of Nixon. Carter ran as a Washington outsider and reformer and won a narrow victory. He was the first president elected from the Deep South since Zachary Taylor in 1848.",14.4,R,56.2,1,5,5.4,51.8,-4.400000000,-67979,21,240,GERALD R. FORD, ,48.0%,1893742,39147793,Midwest,2,-9.0,0.5,8,Michigan,,,Michigan,R,3653749,81555889,51.8,D,1976
IL,Hex,26,17,% shift to the left,,,ü,Jimmy Carter,F,,Left,0,,48.1,7.6,357823,,297,JIMMY CARTER,Gerald R. Ford,50.1%,2271295,40830763,6,3,,,,,,,,,,,,,"The United States presidential election of 1976 followed the resignation of President Richard Nixon in the wake of the Watergate scandal. It pitted incumbent President Gerald Ford, the Republican candidate, against the relatively unknown former governor of Georgia, Jimmy Carter, the Democratic candidate. Ford was saddled with a slow economy and paid a political price for his pardon of Nixon. Carter ran as a Washington outsider and reformer and won a narrow victory. He was the first president elected from the Deep South since Zachary Taylor in 1848.",18.5,R,59,1,0,2,50.1,-8.9,-423910,26,240,GERALD R. FORD, ,48.0%,2364269,39147793,Midwest,2,-16.5,0.5,6,Illinois,,,Illinois,R,4718914,81555889,50.1,D,1976
SD,Hex,4,7,% shift to the left,,,ü,Jimmy Carter,F,,Left,0,,48.9,3.4,7123,,297,JIMMY CARTER,Gerald R. Ford,50.1%,147068,40830763,4,3,,,,,,,,,,,,,"The United States presidential election of 1976 followed the resignation of President Richard Nixon in the wake of the Watergate scandal. It pitted incumbent President Gerald Ford, the Republican candidate, against the relatively unknown former governor of Georgia, Jimmy Carter, the Democratic candidate. Ford was saddled with a slow economy and paid a political price for his pardon of Nixon. Carter ran as a Washington outsider and reformer and won a narrow victory. He was the first president elected from the Deep South since Zachary Taylor in 1848.",8.7,R,54.2,1,0,1.5,50.4,-3.8,-14971,4,240,GERALD R. FORD, ,48.0%,151505,39147793,Midwest,3,-7.2,0.5,4,South Dakota,,,South Dakota,R,300678,81555889,50.4,D,1976
IA,Hex,8,16,% shift to the left,,,ü,Jimmy Carter,F,,Left,0,,48.5,8,123725,,297,JIMMY CARTER,Gerald R. Ford,50.1%,619931,40830763,5,3,,,,,,,,,,,,,"The United States presidential election of 1976 followed the resignation of President Richard Nixon in the wake of the Watergate scandal. It pitted incumbent President Gerald Ford, the Republican candidate, against the relatively unknown former governor of Georgia, Jimmy Carter, the Democratic candidate. Ford was saddled with a slow economy and paid a political price for his pardon of Nixon. Carter ran as a Washington outsider and reformer and won a narrow victory. He was the first president elected from the Deep South since Zachary Taylor in 1848.",17.1,R,57.6,1,0,1,49.5,-8.1,-73344,8,240,GERALD R. FORD, ,48.0%,632863,39147793,Midwest,3,-16.1,0.5,5,Iowa,,,Iowa,R,1279306,81555889,49.5,D,1976
IN,Hex,13,25,% shift to the left,,,ü,Jimmy Carter,F,,Left,0,,45.7,12.4,306146,,297,JIMMY CARTER,Gerald R. Ford,50.1%,1014714,40830763,7,3,,,,,,,,,,,,,"The United States presidential election of 1976 followed the resignation of President Richard Nixon in the wake of the Watergate scandal. It pitted incumbent President Gerald Ford, the Republican candidate, against the relatively unknown former governor of Georgia, Jimmy Carter, the Democratic candidate. Ford was saddled with a slow economy and paid a political price for his pardon of Nixon. Carter ran as a Washington outsider and reformer and won a narrow victory. He was the first president elected from the Deep South since Zachary Taylor in 1848.",32.8,R,66.1,1,5,7.600000000,53.3,-12.8,-221196,13,240,GERALD R. FORD, ,48.0%,1183958,39147793,Midwest,3,-25.2,0.5,6,Indiana,,,Indiana,R,2220362,81555889,53.3,D,1976
NE,Hex,5,20,% shift to the left,,,ü,Jimmy Carter,H,,Left,0,,38.5,9,63701,,297,JIMMY CARTER,Gerald R. Ford,50.1%,233692,40830763,4.5,4,,,,,,,,,,,,,"The United States presidential election of 1976 followed the resignation of President Richard Nixon in the wake of the Watergate scandal. It pitted incumbent President Gerald Ford, the Republican candidate, against the relatively unknown former governor of Georgia, Jimmy Carter, the Democratic candidate. Ford was saddled with a slow economy and paid a political price for his pardon of Nixon. Carter ran as a Washington outsider and reformer and won a narrow victory. He was the first president elected from the Deep South since Zachary Taylor in 1848.",41,R,70.5,1,20,20.7,59.2,-11.3,-46593,5,240,GERALD R. FORD, ,48.0%,359705,39147793,Midwest,4,-20.3,0.5,4,Nebraska,,,Nebraska,R,607668,81555889,59.2,D,1976
KS,Hex,7,31,% shift to the left,,,ü,Jimmy Carter,F,,Left,0,,44.9,15.4,160134,,297,JIMMY CARTER,Gerald R. Ford,50.1%,430421,40830763,5,5,,,,,,,,,,,,,"The United States presidential election of 1976 followed the resignation of President Richard Nixon in the wake of the Watergate scandal. It pitted incumbent President Gerald Ford, the Republican candidate, against the relatively unknown former governor of Georgia, Jimmy Carter, the Democratic candidate. Ford was saddled with a slow economy and paid a political price for his pardon of Nixon. Carter ran as a Washington outsider and reformer and won a narrow victory. He was the first president elected from the Deep South since Zachary Taylor in 1848.",38.2,R,67.7,1,5,7.6,52.5,-15.2,-117060,7,240,GERALD R. FORD, ,48.0%,502752,39147793,Midwest,5,-30.6,0.5,4,Kansas,,,Kansas,R,957845,81555889,52.5,D,1976
ME,Hex,4,22,% shift to the left,,,ü,Jimmy Carter,F,,Left,0,,48.1,9.6,71695,,297,JIMMY CARTER,Gerald R. Ford,50.1%,232279,40830763,11.5,0,,,,,,,,,,,,,"The United States presidential election of 1976 followed the resignation of President Richard Nixon in the wake of the Watergate scandal. It pitted incumbent President Gerald Ford, the Republican candidate, against the relatively unknown former governor of Georgia, Jimmy Carter, the Democratic candidate. Ford was saddled with a slow economy and paid a political price for his pardon of Nixon. Carter ran as a Washington outsider and reformer and won a narrow victory. He was the first president elected from the Deep South since Zachary Taylor in 1848.",23,R,61.5,1,0,0.800000000,48.9,-12.6,-20138,4,240,GERALD R. FORD, ,48.0%,236320,39147793,Northeast,0,-22.2,0.5,11,Maine,,,Maine,R,483216,81555889,48.9,D,1976
VT,Hex,3,15,% shift to the left,,,ü,Jimmy Carter,G,,Left,0,,43.1,6.6,12780,,297,JIMMY CARTER,Gerald R. Ford,50.1%,80954,40830763,10,1,,,,,,,,,,,,,"The United States presidential election of 1976 followed the resignation of President Richard Nixon in the wake of the Watergate scandal. It pitted incumbent President Gerald Ford, the Republican candidate, against the relatively unknown former governor of Georgia, Jimmy Carter, the Democratic candidate. Ford was saddled with a slow economy and paid a political price for his pardon of Nixon. Carter ran as a Washington outsider and reformer and won a narrow victory. He was the first president elected from the Deep South since Zachary Taylor in 1848.",26.2,R,62.7,1,10,11.3,54.4,-8.3,-15064,3,240,GERALD R. FORD, ,48.0%,102085,39147793,Northeast,1,-14.9,0.5,10,Vermont,,,Vermont,R,187765,81555889,54.4,D,1976
NH,Hex,4,18,% shift to the left,,,ü,Jimmy Carter,G,,Left,0,,43.5,8.6,31200,,297,JIMMY CARTER,Gerald R. Ford,50.1%,147635,40830763,11,1,,,,,,,,,,,,,"The United States presidential election of 1976 followed the resignation of President Richard Nixon in the wake of the Watergate scandal. It pitted incumbent President Gerald Ford, the Republican candidate, against the relatively unknown former governor of Georgia, Jimmy Carter, the Democratic candidate. Ford was saddled with a slow economy and paid a political price for his pardon of Nixon. Carter ran as a Washington outsider and reformer and won a narrow victory. He was the first president elected from the Deep South since Zachary Taylor in 1848.",29.1,R,64,1,10,11.2,54.7,-9.3,-27789,4,240,GERALD R. FORD, ,48.0%,185935,39147793,Northeast,1,-17.9,0.5,11,New Hampshire,,,New Hampshire,R,339618,81555889,54.7,D,1976
NJ,Hex,17,23,% shift to the left,,,ü,Jimmy Carter,F,,Left,0,,47.9,11.1,342442,,297,JIMMY CARTER,Gerald R. Ford,50.1%,1444653,40830763,10,3,,,,,,,,,,,,,"The United States presidential election of 1976 followed the resignation of President Richard Nixon in the wake of the Watergate scandal. It pitted incumbent President Gerald Ford, the Republican candidate, against the relatively unknown former governor of Georgia, Jimmy Carter, the Democratic candidate. Ford was saddled with a slow economy and paid a political price for his pardon of Nixon. Carter ran as a Washington outsider and reformer and won a narrow victory. He was the first president elected from the Deep South since Zachary Taylor in 1848.",24.8,R,61.6,1,0,2.2,50.1,-11.5,-335814,17,240,GERALD R. FORD, ,48.0%,1509688,39147793,Northeast,3,-22.6,0.5,9,New Jersey,,,New Jersey,R,3014472,81555889,50.1,D,1976
CT,Hex,8,13,% shift to the left,,,ü,Jimmy Carter,F,,Left,0,,46.9,6.8,92397,,297,JIMMY CARTER,Gerald R. Ford,50.1%,647895,40830763,11,3,,,,,,,,,,,,,"The United States presidential election of 1976 followed the resignation of President Richard Nixon in the wake of the Watergate scandal. It pitted incumbent President Gerald Ford, the Republican candidate, against the relatively unknown former governor of Georgia, Jimmy Carter, the Democratic candidate. Ford was saddled with a slow economy and paid a political price for his pardon of Nixon. Carter ran as a Washington outsider and reformer and won a narrow victory. He was the first president elected from the Deep South since Zachary Taylor in 1848.",18.5,R,58.6,1,5,5.2,52.1,-6.5,-91502,8,240,GERALD R. FORD, ,48.0%,719261,39147793,Northeast,3,-13.3,0.5,10,Connecticut,,,Connecticut,R,1381526,81555889,52.1,D,1976
VA,Hex,12,36,% shift to the left,,,ü,Jimmy Carter,F,,Left,0,,48.0,17.9,375009,,297,JIMMY CARTER,Gerald R. Ford,50.1%,813896,40830763,8,5,,,,,,,,,,,,,"The United States presidential election of 1976 followed the resignation of President Richard Nixon in the wake of the Watergate scandal. It pitted incumbent President Gerald Ford, the Republican candidate, against the relatively unknown former governor of Georgia, Jimmy Carter, the Democratic candidate. Ford was saddled with a slow economy and paid a political price for his pardon of Nixon. Carter ran as a Washington outsider and reformer and won a narrow victory. He was the first president elected from the Deep South since Zachary Taylor in 1848.",37.7,R,67.8,1,0,1.3,49.3,-18.5,-151939,12,240,GERALD R. FORD, ,48.0%,836554,39147793,South,4,-36.4,0.5,8,Virginia,,,Virginia,R,1697094,81555889,49.3,D,1976
OK,Hex,8,48,% shift to the left,,,ü,Jimmy Carter,F,,Left,0,,48.7,24.7,285295,,297,JIMMY CARTER,Gerald R. Ford,50.1%,532442,40830763,4.5,6,,,,,,,,,,,,,"The United States presidential election of 1976 followed the resignation of President Richard Nixon in the wake of the Watergate scandal. It pitted incumbent President Gerald Ford, the Republican candidate, against the relatively unknown former governor of Georgia, Jimmy Carter, the Democratic candidate. Ford was saddled with a slow economy and paid a political price for his pardon of Nixon. Carter ran as a Washington outsider and reformer and won a narrow victory. He was the first president elected from the Deep South since Zachary Taylor in 1848.",49.7,R,73.7,1,0,1.3,50.0,-23.7,-213317,8,240,GERALD R. FORD, ,48.0%,545708,39147793,South,6,-48.4,0.5,4,Oklahoma,,,Oklahoma,R,1092251,81555889,50,D,1976
AK,Hex,3,1,% shift to the left,,,ü,Jimmy Carter,H,,Left,0,,35.7,1.1,11091,,297,JIMMY CARTER,Gerald R. Ford,50.1%,44058,40830763,0.5,0,,,,,,,,,,,,,"The United States presidential election of 1976 followed the resignation of President Richard Nixon in the wake of the Watergate scandal. It pitted incumbent President Gerald Ford, the Republican candidate, against the relatively unknown former governor of Georgia, Jimmy Carter, the Democratic candidate. Ford was saddled with a slow economy and paid a political price for his pardon of Nixon. Carter ran as a Washington outsider and reformer and won a narrow victory. He was the first president elected from the Deep South since Zachary Taylor in 1848.",23.5,R,58.1,1,20,22.2,57.9,-0.200000000,16206,3,240,GERALD R. FORD, ,48.0%,71555,39147793,West,0,-1.3,0.5,0,Alaska,,,Alaska,R,123574,81555889,57.9,D,1976
WA,Hex,8,14,% shift to the left,,,ü,Jimmy Carter,F,,Left,0,,46.1,7.5,148989,,297,JIMMY CARTER,Gerald R. Ford,50.1%,717323,40830763,1.5,2,,,,,,,,,,,,,"The United States presidential election of 1976 followed the resignation of President Richard Nixon in the wake of the Watergate scandal. It pitted incumbent President Gerald Ford, the Republican candidate, against the relatively unknown former governor of Georgia, Jimmy Carter, the Democratic candidate. Ford was saddled with a slow economy and paid a political price for his pardon of Nixon. Carter ran as a Washington outsider and reformer and won a narrow victory. He was the first president elected from the Deep South since Zachary Taylor in 1848.",18.3,R,56.9,1,0,3.9,50.0,-6.9,-59403,8,240,GERALD R. FORD, ,48.0%,777732,39147793,West,2,-14.4,0.5,1,Washington,,,Washington,R,1555534,81555889,50,D,1976
MT,Hex,4,13,% shift to the left,,,ü,Jimmy Carter,F,,Left,0,,45.4,7.6,29062,,297,JIMMY CARTER,Gerald R. Ford,50.1%,149259,40830763,2.5,2,,,,,,,,,,,,,"The United States presidential election of 1976 followed the resignation of President Richard Nixon in the wake of the Watergate scandal. It pitted incumbent President Gerald Ford, the Republican candidate, against the relatively unknown former governor of Georgia, Jimmy Carter, the Democratic candidate. Ford was saddled with a slow economy and paid a political price for his pardon of Nixon. Carter ran as a Washington outsider and reformer and won a narrow victory. He was the first president elected from the Deep South since Zachary Taylor in 1848.",20.1,R,57.9,1,5,7.4,52.8,-5.1,-10273,4,240,GERALD R. FORD, ,48.0%,173703,39147793,West,2,-12.7,0.5,3,Montana,,,Montana,R,328734,81555889,52.8,D,1976
ID,Hex,4,16,% shift to the left,,,ü,Jimmy Carter,H,,Left,0,,36.8,10.8,45723,,297,JIMMY CARTER,Gerald R. Ford,50.1%,126549,40830763,2,3,,,,,,,,,,,,,"The United States presidential election of 1976 followed the resignation of President Richard Nixon in the wake of the Watergate scandal. It pitted incumbent President Gerald Ford, the Republican candidate, against the relatively unknown former governor of Georgia, Jimmy Carter, the Democratic candidate. Ford was saddled with a slow economy and paid a political price for his pardon of Nixon. Carter ran as a Washington outsider and reformer and won a narrow victory. He was the first president elected from the Deep South since Zachary Taylor in 1848.",38.2,R,64.2,1,20,22.5,59.3,-4.900000000,4767,4,240,GERALD R. FORD, ,48.0%,204151,39147793,West,2,-15.7,0.5,2,Idaho,,,Idaho,R,344071,81555889,59.3,D,1976
WY,Hex,3,19,% shift to the left,,,ü,Jimmy Carter,G,,Left,0,,39.8,9.3,17881,,297,JIMMY CARTER,Gerald R. Ford,50.1%,62239,40830763,3,3,,,,,,,,,,,,,"The United States presidential election of 1976 followed the resignation of President Richard Nixon in the wake of the Watergate scandal. It pitted incumbent President Gerald Ford, the Republican candidate, against the relatively unknown former governor of Georgia, Jimmy Carter, the Democratic candidate. Ford was saddled with a slow economy and paid a political price for his pardon of Nixon. Carter ran as a Washington outsider and reformer and won a narrow victory. He was the first president elected from the Deep South since Zachary Taylor in 1848.",38.5,R,69,1,15,19.5,59.3,-9.7,-7747,3,240,GERALD R. FORD, ,48.0%,92717,39147793,West,3,-19.0,0.5,3,Wyoming,,,Wyoming,R,156343,81555889,59.3,D,1976
OR,Hex,6,10,% shift to the left,,,ü,Jimmy Carter,F,,Left,0,,47.6,5.3,97647,,297,JIMMY CARTER,Gerald R. Ford,50.1%,490407,40830763,1.5,4,,,,,,,,,,,,,"The United States presidential election of 1976 followed the resignation of President Richard Nixon in the wake of the Watergate scandal. It pitted incumbent President Gerald Ford, the Republican candidate, against the relatively unknown former governor of Georgia, Jimmy Carter, the Democratic candidate. Ford was saddled with a slow economy and paid a political price for his pardon of Nixon. Carter ran as a Washington outsider and reformer and won a narrow victory. He was the first president elected from the Deep South since Zachary Taylor in 1848.",10.1,R,52.4,1,0,0.200000000,47.8,-4.6,5434,6,240,GERALD R. FORD, ,48.0%,492120,39147793,West,3,-9.9,0.5,1,Oregon,,,Oregon,R,1029876,81555889,47.8,D,1976
NV,Hex,3,23,% shift to the left,,,ü,Jimmy Carter,F,,Left,0,,45.8,9.5,26463,,297,JIMMY CARTER,Gerald R. Ford,50.1%,92479,40830763,2.5,4,,,,,,,,,,,,,"The United States presidential election of 1976 followed the resignation of President Richard Nixon in the wake of the Watergate scandal. It pitted incumbent President Gerald Ford, the Republican candidate, against the relatively unknown former governor of Georgia, Jimmy Carter, the Democratic candidate. Ford was saddled with a slow economy and paid a political price for his pardon of Nixon. Carter ran as a Washington outsider and reformer and won a narrow victory. He was the first president elected from the Deep South since Zachary Taylor in 1848.",27.4,R,63.7,1,0,4.400000000,50.2,-13.5,-14477,3,240,GERALD R. FORD, ,48.0%,101273,39147793,West,3,-23.0,0.5,2,Nevada,,,Nevada,R,201876,81555889,50.2,D,1976
CO,Hex,7,17,% shift to the left,,,ü,Jimmy Carter,G,,Left,0,,42.6,8,130373,,297,JIMMY CARTER,Gerald R. Ford,50.1%,460353,40830763,3.5,4,,,,,,,,,,,,,"The United States presidential election of 1976 followed the resignation of President Richard Nixon in the wake of the Watergate scandal. It pitted incumbent President Gerald Ford, the Republican candidate, against the relatively unknown former governor of Georgia, Jimmy Carter, the Democratic candidate. Ford was saddled with a slow economy and paid a political price for his pardon of Nixon. Carter ran as a Washington outsider and reformer and won a narrow victory. He was the first president elected from the Deep South since Zachary Taylor in 1848.",28,R,62.6,1,10,11.4,54.0,-8.6,-12822,7,240,GERALD R. FORD, ,48.0%,584367,39147793,West,4,-16.6,0.5,3,Colorado,,,Colorado,R,1081554,81555889,54,D,1976
CA,Hex,45,12,% shift to the left,,,ü,Jimmy Carter,F,,Left,0,,47.6,6.1,266437,,297,JIMMY CARTER,Gerald R. Ford,50.1%,3742284,40830763,2,5,,,,,,,,,,,,,"The United States presidential election of 1976 followed the resignation of President Richard Nixon in the wake of the Watergate scandal. It pitted incumbent President Gerald Ford, the Republican candidate, against the relatively unknown former governor of Georgia, Jimmy Carter, the Democratic candidate. Ford was saddled with a slow economy and paid a political price for his pardon of Nixon. Carter ran as a Washington outsider and reformer and won a narrow victory. He was the first president elected from the Deep South since Zachary Taylor in 1848.",13.5,R,55,1,0,1.7,49.3,-5.7,-719852,45,240,GERALD R. FORD, ,48.0%,3882244,39147793,West,4,-11.8,0.5,1,California,,,California,R,7867117,81555889,49.3,D,1976
UT,Hex,4,12,% shift to the left,,,ü,Jimmy Carter,H,,Left,0,,33.6,7.2,55826,,297,JIMMY CARTER,Gerald R. Ford,50.1%,182110,40830763,4,5,,,,,,,,,,,,,"The United States presidential election of 1976 followed the resignation of President Richard Nixon in the wake of the Watergate scandal. It pitted incumbent President Gerald Ford, the Republican candidate, against the relatively unknown former governor of Georgia, Jimmy Carter, the Democratic candidate. Ford was saddled with a slow economy and paid a political price for his pardon of Nixon. Carter ran as a Washington outsider and reformer and won a narrow victory. He was the first president elected from the Deep South since Zachary Taylor in 1848.",41.2,R,67.6,1,25,28.8,62.4,-5.2,14265,4,240,GERALD R. FORD, ,48.0%,337908,39147793,West,4,-12.4,0.5,2,Utah,,,Utah,R,541198,81555889,62.4,D,1976
AZ,Hex,6,16,% shift to the left,,,ü,Jimmy Carter,G,,Left,0,,39.8,7.9,97062,,297,JIMMY CARTER,Gerald R. Ford,50.1%,295602,40830763,3,5,,,,,,,,,,,,,"The United States presidential election of 1976 followed the resignation of President Richard Nixon in the wake of the Watergate scandal. It pitted incumbent President Gerald Ford, the Republican candidate, against the relatively unknown former governor of Georgia, Jimmy Carter, the Democratic candidate. Ford was saddled with a slow economy and paid a political price for his pardon of Nixon. Carter ran as a Washington outsider and reformer and won a narrow victory. He was the first president elected from the Deep South since Zachary Taylor in 1848.",32.8,R,64.7,1,15,16.6,56.4,-8.3,15830,6,240,GERALD R. FORD, ,48.0%,418642,39147793,West,5,-16.2,0.5,2,Arizona,,,Arizona,R,742719,81555889,56.4,D,1976
NM,Hex,4,22,% shift to the left,,,ü,Jimmy Carter,F,,Left,0,,48.1,11.6,60064,,297,JIMMY CARTER,Gerald R. Ford,50.1%,201148,40830763,3.5,6,,,,,,,,,,,,,"The United States presidential election of 1976 followed the resignation of President Richard Nixon in the wake of the Watergate scandal. It pitted incumbent President Gerald Ford, the Republican candidate, against the relatively unknown former governor of Georgia, Jimmy Carter, the Democratic candidate. Ford was saddled with a slow economy and paid a political price for his pardon of Nixon. Carter ran as a Washington outsider and reformer and won a narrow victory. He was the first president elected from the Deep South since Zachary Taylor in 1848.",24.5,R,61,1,0,2.4,50.5,-10.5,-24187,4,240,GERALD R. FORD, ,48.0%,211419,39147793,West,5,-22.1,0.5,3,New Mexico,,,New Mexico,R,418409,81555889,50.5,D,1976
