Abbreviation,Selected Map,Total_EV,Shift,Shift tooltip,I_Nominee tooltip,blank,D-Check,D_Nominee_prop,Color Bins,Independent spacing,Direction,Spacer,R-Check,D_Percentage,D_DifferencePercentage,D_Difference,D_EV,D_EV_Total,D_Nominee,R_Nominee_prop,D_PopularPercentage,D_Votes,D_Votes_Total,Hex_Column,Hex_Row,I_Percentage,I_EV,I_EV_Total,I_Nominee tooltip ●,I_Nominee tooltip ')',I_Nominee tooltip 'Percentage)',I_Nominee tooltip '(',I_Nominee,I_PopularPercentage,I_Votes,I_Votes_Total,Independent spacing (popular),Info,Last_RD_Difference,Last_Winner,Last_Winner_Percentage,Number of Records,RD_Difference (bin),RD_Difference,R_Percentage,R_DifferencePercentage,R_Difference,R_EV,R_EV_Total,R_Nominee,I_Nominee_prop,R_PopularPercentage,R_Votes,R_Votes_Total,Region,Row,Shift :(l/r),Shift abbreviation,Space,State (red),State (blue),State (yellow),State,State_Winner,Total Votes,Total_Votes_USA,Winner_Percentage,Winning Party,Year
MO,Hex,13,2,% shift to the left,,,,Adlai E. Stevenson,A,,Left,0,ü,50.1,1,-11557,13,73,ADLAI E. STEVENSON,Dwight D. Eisenhower,42.0%,918273,26022752,5.5,4,,,,,,,,,,,,,"The election of 1956 saw a popular Dwight D. Eisenhower successfully run for re-election. The 1956 election was a rematch of 1952, as Eisenhower's opponent in 1956 was Democrat Adlai Stevenson, whom Eisenhower had defeated four years earlier. Incumbent President Eisenhower was popular, but had health conditions that became a quiet issue. Stevenson remained popular with a core of liberal Democrats but held no office and had no real base. He (and Eisenhower) largely ignored the civil rights issue. Eisenhower had ended the Korean War and the nation was prosperous, so a landslide for the charismatic Eisenhower was never in doubt. This was the last presidential election prior to the statehood of Alaska and Hawaii, who would first take part as states in the 1960 presidential election.",1.6,R,50.7,1,-5,-0.200000000,49.9,-0.800000000,-45140,,457,DWIGHT D. EISENHOWER, ,57.4%,914289,35590472,Midwest,4,-1.8,0.5,5,,Missouri,,Missouri,D,1832562,62026908,-50.1,R,1956
AR,Hex,8,5,% shift to the right,,,,Adlai E. Stevenson,A,,Right,0,ü,52.5,-3.4,-13023,8,73,ADLAI E. STEVENSON,Dwight D. Eisenhower,42.0%,213277,26022752,6,5,,,,,,,,,,,,,"The election of 1956 saw a popular Dwight D. Eisenhower successfully run for re-election. The 1956 election was a rematch of 1952, as Eisenhower's opponent in 1956 was Democrat Adlai Stevenson, whom Eisenhower had defeated four years earlier. Incumbent President Eisenhower was popular, but had health conditions that became a quiet issue. Stevenson remained popular with a core of liberal Democrats but held no office and had no real base. He (and Eisenhower) largely ignored the civil rights issue. Eisenhower had ended the Korean War and the nation was prosperous, so a landslide for the charismatic Eisenhower was never in doubt. This was the last presidential election prior to the statehood of Alaska and Hawaii, who would first take part as states in the 1960 presidential election.",-12.1,D,-55.9,1,-10,-6.7,45.8,2,9132,,457,DWIGHT D. EISENHOWER, ,57.4%,186287,35590472,South,5,5.4,-0.5,5,,Arkansas,,Arkansas,D,406572,62026908,-52.5,R,1956
NC,Hex,14,6,% shift to the right,,,,Adlai E. Stevenson,A,,Right,0,ü,50.7,-3.2,-62273,14,73,ADLAI E. STEVENSON,Dwight D. Eisenhower,42.0%,590530,26022752,9,5,,,,,,,,,,,,,"The election of 1956 saw a popular Dwight D. Eisenhower successfully run for re-election. The 1956 election was a rematch of 1952, as Eisenhower's opponent in 1956 was Democrat Adlai Stevenson, whom Eisenhower had defeated four years earlier. Incumbent President Eisenhower was popular, but had health conditions that became a quiet issue. Stevenson remained popular with a core of liberal Democrats but held no office and had no real base. He (and Eisenhower) largely ignored the civil rights issue. Eisenhower had ended the Korean War and the nation was prosperous, so a landslide for the charismatic Eisenhower was never in doubt. This was the last presidential election prior to the statehood of Alaska and Hawaii, who would first take part as states in the 1960 presidential election.",-7.8,D,-53.9,1,-5,-1.400000000,49.3,3.2,16955,,457,DWIGHT D. EISENHOWER, ,57.4%,575062,35590472,South,5,6.4,-0.5,7,,North Carolina,,North Carolina,D,1165592,62026908,-50.7,R,1956
SC,Hex,8,28,% shift to the right,,,,Adlai E. Stevenson,C,,Right,0,ü,45.4,-5.3,-36632,8,73,ADLAI E. STEVENSON,Dwight D. Eisenhower,42.0%,136372,26022752,8.5,6,,,,,,,,,,,,,"The election of 1956 saw a popular Dwight D. Eisenhower successfully run for re-election. The 1956 election was a rematch of 1952, as Eisenhower's opponent in 1956 was Democrat Adlai Stevenson, whom Eisenhower had defeated four years earlier. Incumbent President Eisenhower was popular, but had health conditions that became a quiet issue. Stevenson remained popular with a core of liberal Democrats but held no office and had no real base. He (and Eisenhower) largely ignored the civil rights issue. Eisenhower had ended the Korean War and the nation was prosperous, so a landslide for the charismatic Eisenhower was never in doubt. This was the last presidential election prior to the statehood of Alaska and Hawaii, who would first take part as states in the 1960 presidential election.",-47.8,D,-50.7,1,-25,-20.2,25.2,22.3,65907,,457,DWIGHT D. EISENHOWER, ,57.4%,75700,35590472,South,5,27.6,-0.5,8,,South Carolina,,South Carolina,D,300583,62026908,-45.4,R,1956
MS,Hex,8,13,% shift to the left,,,,Adlai E. Stevenson,D,,Left,0,ü,58.2,-2.2,-28113,8,73,ADLAI E. STEVENSON,Dwight D. Eisenhower,42.0%,144453,26022752,6.5,6,,,,,,,,,,,,,"The election of 1956 saw a popular Dwight D. Eisenhower successfully run for re-election. The 1956 election was a rematch of 1952, as Eisenhower's opponent in 1956 was Democrat Adlai Stevenson, whom Eisenhower had defeated four years earlier. Incumbent President Eisenhower was popular, but had health conditions that became a quiet issue. Stevenson remained popular with a core of liberal Democrats but held no office and had no real base. He (and Eisenhower) largely ignored the civil rights issue. Eisenhower had ended the Korean War and the nation was prosperous, so a landslide for the charismatic Eisenhower was never in doubt. This was the last presidential election prior to the statehood of Alaska and Hawaii, who would first take part as states in the 1960 presidential election.",-20.8,D,-60.4,1,-35,-33.7,24.5,-15.1,-52281,,457,DWIGHT D. EISENHOWER, ,57.4%,60685,35590472,South,6,-12.9,0.5,6,,Mississippi,,Mississippi,D,248104,62026908,-58.2,R,1956
AL,Hex,10,13,% shift to the right,,,,Adlai E. Stevenson,B,,Right,0,ü,56.5,-8.100000000,5769,10,73,ADLAI E. STEVENSON,Dwight D. Eisenhower,42.0%,280844,26022752,7.5,6,,,,,,,,,,,,,"The election of 1956 saw a popular Dwight D. Eisenhower successfully run for re-election. The 1956 election was a rematch of 1952, as Eisenhower's opponent in 1956 was Democrat Adlai Stevenson, whom Eisenhower had defeated four years earlier. Incumbent President Eisenhower was popular, but had health conditions that became a quiet issue. Stevenson remained popular with a core of liberal Democrats but held no office and had no real base. He (and Eisenhower) largely ignored the civil rights issue. Eisenhower had ended the Korean War and the nation was prosperous, so a landslide for the charismatic Eisenhower was never in doubt. This was the last presidential election prior to the statehood of Alaska and Hawaii, who would first take part as states in the 1960 presidential election.",-29.6,D,-64.6,1,-20,-17.1,39.4,4.4,46463,,457,DWIGHT D. EISENHOWER, ,57.4%,195694,35590472,South,6,12.5,-0.5,7,,Alabama,,Alabama,D,496861,62026908,-56.5,R,1956
GA,Hex,12,6,% shift to the right,,,,Adlai E. Stevenson,D,,Right,0,ü,66.4,-3.3,-12135,12,73,ADLAI E. STEVENSON,Dwight D. Eisenhower,42.0%,444688,26022752,8,7,,,,,,,,,,,,,"The election of 1956 saw a popular Dwight D. Eisenhower successfully run for re-election. The 1956 election was a rematch of 1952, as Eisenhower's opponent in 1956 was Democrat Adlai Stevenson, whom Eisenhower had defeated four years earlier. Incumbent President Eisenhower was popular, but had health conditions that became a quiet issue. Stevenson remained popular with a core of liberal Democrats but held no office and had no real base. He (and Eisenhower) largely ignored the civil rights issue. Eisenhower had ended the Korean War and the nation was prosperous, so a landslide for the charismatic Eisenhower was never in doubt. This was the last presidential election prior to the statehood of Alaska and Hawaii, who would first take part as states in the 1960 presidential election.",-39.4,D,-69.7,1,-35,-33.1,33.3,3,23817,,457,DWIGHT D. EISENHOWER, ,57.4%,222778,35590472,South,6,6.3,-0.5,8,,Georgia,,Georgia,D,669655,62026908,-66.4,R,1956
ND,Hex,4,19,% shift to the left,,,,Adlai E. Stevenson,H,,Left,0,ü,38.1,9.7,20048,,73,ADLAI E. STEVENSON,Dwight D. Eisenhower,42.0%,96742,26022752,3.5,2,,,,,,,,,,,,,"The election of 1956 saw a popular Dwight D. Eisenhower successfully run for re-election. The 1956 election was a rematch of 1952, as Eisenhower's opponent in 1956 was Democrat Adlai Stevenson, whom Eisenhower had defeated four years earlier. Incumbent President Eisenhower was popular, but had health conditions that became a quiet issue. Stevenson remained popular with a core of liberal Democrats but held no office and had no real base. He (and Eisenhower) largely ignored the civil rights issue. Eisenhower had ended the Korean War and the nation was prosperous, so a landslide for the charismatic Eisenhower was never in doubt. This was the last presidential election prior to the statehood of Alaska and Hawaii, who would first take part as states in the 1960 presidential election.",42.6,R,71,1,20,23.6,61.7,-9.3,-34946,4,457,DWIGHT D. EISENHOWER, ,57.4%,156766,35590472,Midwest,2,-19.0,0.5,4,North Dakota,,,North Dakota,R,253991,62026908,61.7,R,1956
MN,Hex,11,4,% shift to the left,,,,Adlai E. Stevenson,F,,Left,0,ü,46.1,2,9067,,73,ADLAI E. STEVENSON,Dwight D. Eisenhower,42.0%,617525,26022752,4.5,2,,,,,,,,,,,,,"The election of 1956 saw a popular Dwight D. Eisenhower successfully run for re-election. The 1956 election was a rematch of 1952, as Eisenhower's opponent in 1956 was Democrat Adlai Stevenson, whom Eisenhower had defeated four years earlier. Incumbent President Eisenhower was popular, but had health conditions that became a quiet issue. Stevenson remained popular with a core of liberal Democrats but held no office and had no real base. He (and Eisenhower) largely ignored the civil rights issue. Eisenhower had ended the Korean War and the nation was prosperous, so a landslide for the charismatic Eisenhower was never in doubt. This was the last presidential election prior to the statehood of Alaska and Hawaii, who would first take part as states in the 1960 presidential election.",11.2,R,55.3,1,5,7.6,53.7,-1.600000000,-43909,11,457,DWIGHT D. EISENHOWER, ,57.4%,719302,35590472,Midwest,2,-3.6,0.5,5,Minnesota,,,Minnesota,R,1340005,62026908,53.7,R,1956
WI,Hex,12,2,% shift to the right,,,,Adlai E. Stevenson,H,,Right,0,ü,37.8,-0.900000000,-35407,,73,ADLAI E. STEVENSON,Dwight D. Eisenhower,42.0%,586768,26022752,5.5,2,,,,,,,,,,,,,"The election of 1956 saw a popular Dwight D. Eisenhower successfully run for re-election. The 1956 election was a rematch of 1952, as Eisenhower's opponent in 1956 was Democrat Adlai Stevenson, whom Eisenhower had defeated four years earlier. Incumbent President Eisenhower was popular, but had health conditions that became a quiet issue. Stevenson remained popular with a core of liberal Democrats but held no office and had no real base. He (and Eisenhower) largely ignored the civil rights issue. Eisenhower had ended the Korean War and the nation was prosperous, so a landslide for the charismatic Eisenhower was never in doubt. This was the last presidential election prior to the statehood of Alaska and Hawaii, who would first take part as states in the 1960 presidential election.",22.3,R,61,1,20,23.8,61.6,0.600000000,-24900,12,457,DWIGHT D. EISENHOWER, ,57.4%,954844,35590472,Midwest,2,1.5,-0.5,7,Wisconsin,,,Wisconsin,R,1550558,62026908,61.6,R,1956
MI,Hex,20,0,% shift to the right,,,,Adlai E. Stevenson,G,,Right,0,ü,44.1,0.100000000,129241,,73,ADLAI E. STEVENSON,Dwight D. Eisenhower,42.0%,1359898,26022752,7.5,2,,,,,,,,,,,,,"The election of 1956 saw a popular Dwight D. Eisenhower successfully run for re-election. The 1956 election was a rematch of 1952, as Eisenhower's opponent in 1956 was Democrat Adlai Stevenson, whom Eisenhower had defeated four years earlier. Incumbent President Eisenhower was popular, but had health conditions that became a quiet issue. Stevenson remained popular with a core of liberal Democrats but held no office and had no real base. He (and Eisenhower) largely ignored the civil rights issue. Eisenhower had ended the Korean War and the nation was prosperous, so a landslide for the charismatic Eisenhower was never in doubt. This was the last presidential election prior to the statehood of Alaska and Hawaii, who would first take part as states in the 1960 presidential election.",11.4,R,55.4,1,10,11.5,55.6,0.200000000,162118,20,457,DWIGHT D. EISENHOWER, ,57.4%,1713647,35590472,Midwest,2,0.1,-0.5,8,Michigan,,,Michigan,R,3080468,62026908,55.6,R,1956
IL,Hex,27,9,% shift to the right,,,,Adlai E. Stevenson,G,,Right,0,ü,40.3,-4.6,-238238,,73,ADLAI E. STEVENSON,Dwight D. Eisenhower,42.0%,1775682,26022752,6,3,,,,,,,,,,,,,"The election of 1956 saw a popular Dwight D. Eisenhower successfully run for re-election. The 1956 election was a rematch of 1952, as Eisenhower's opponent in 1956 was Democrat Adlai Stevenson, whom Eisenhower had defeated four years earlier. Incumbent President Eisenhower was popular, but had health conditions that became a quiet issue. Stevenson remained popular with a core of liberal Democrats but held no office and had no real base. He (and Eisenhower) largely ignored the civil rights issue. Eisenhower had ended the Korean War and the nation was prosperous, so a landslide for the charismatic Eisenhower was never in doubt. This was the last presidential election prior to the statehood of Alaska and Hawaii, who would first take part as states in the 1960 presidential election.",9.9,R,54.8,1,15,19.2,59.5,4.7,166000,27,457,DWIGHT D. EISENHOWER, ,57.4%,2623327,35590472,Midwest,2,9.3,-0.5,6,Illinois,,,Illinois,R,4407407,62026908,59.5,R,1956
SD,Hex,4,22,% shift to the left,,,,Adlai E. Stevenson,G,,Left,0,ü,41.6,10.9,31862,,73,ADLAI E. STEVENSON,Dwight D. Eisenhower,42.0%,122288,26022752,4,3,,,,,,,,,,,,,"The election of 1956 saw a popular Dwight D. Eisenhower successfully run for re-election. The 1956 election was a rematch of 1952, as Eisenhower's opponent in 1956 was Democrat Adlai Stevenson, whom Eisenhower had defeated four years earlier. Incumbent President Eisenhower was popular, but had health conditions that became a quiet issue. Stevenson remained popular with a core of liberal Democrats but held no office and had no real base. He (and Eisenhower) largely ignored the civil rights issue. Eisenhower had ended the Korean War and the nation was prosperous, so a landslide for the charismatic Eisenhower was never in doubt. This was the last presidential election prior to the statehood of Alaska and Hawaii, who would first take part as states in the 1960 presidential election.",38.6,R,69.3,1,15,16.8,58.4,-10.9,-32288,4,457,DWIGHT D. EISENHOWER, ,57.4%,171569,35590472,Midwest,3,-21.8,0.5,4,South Dakota,,,South Dakota,R,293857,62026908,58.4,R,1956
IA,Hex,10,10,% shift to the left,,,,Adlai E. Stevenson,G,,Left,0,ü,40.7,5.1,50345,,73,ADLAI E. STEVENSON,Dwight D. Eisenhower,42.0%,501858,26022752,5,3,,,,,,,,,,,,,"The election of 1956 saw a popular Dwight D. Eisenhower successfully run for re-election. The 1956 election was a rematch of 1952, as Eisenhower's opponent in 1956 was Democrat Adlai Stevenson, whom Eisenhower had defeated four years earlier. Incumbent President Eisenhower was popular, but had health conditions that became a quiet issue. Stevenson remained popular with a core of liberal Democrats but held no office and had no real base. He (and Eisenhower) largely ignored the civil rights issue. Eisenhower had ended the Korean War and the nation was prosperous, so a landslide for the charismatic Eisenhower was never in doubt. This was the last presidential election prior to the statehood of Alaska and Hawaii, who would first take part as states in the 1960 presidential election.",28.2,R,63.8,1,15,18.4,59.1,-4.7,-79719,10,457,DWIGHT D. EISENHOWER, ,57.4%,729187,35590472,Midwest,3,-9.8,0.5,5,Iowa,,,Iowa,R,1234564,62026908,59.1,R,1956
IN,Hex,13,3,% shift to the right,,,,Adlai E. Stevenson,H,,Right,0,ü,39.7,-1.3,-17622,,73,ADLAI E. STEVENSON,Dwight D. Eisenhower,42.0%,783908,26022752,7,3,,,,,,,,,,,,,"The election of 1956 saw a popular Dwight D. Eisenhower successfully run for re-election. The 1956 election was a rematch of 1952, as Eisenhower's opponent in 1956 was Democrat Adlai Stevenson, whom Eisenhower had defeated four years earlier. Incumbent President Eisenhower was popular, but had health conditions that became a quiet issue. Stevenson remained popular with a core of liberal Democrats but held no office and had no real base. He (and Eisenhower) largely ignored the civil rights issue. Eisenhower had ended the Korean War and the nation was prosperous, so a landslide for the charismatic Eisenhower was never in doubt. This was the last presidential election prior to the statehood of Alaska and Hawaii, who would first take part as states in the 1960 presidential election.",17.1,R,58.1,1,20,20.2,59.9,1.8,46552,13,457,DWIGHT D. EISENHOWER, ,57.4%,1182811,35590472,Midwest,3,3.1,-0.5,6,Indiana,,,Indiana,R,1974607,62026908,59.9,R,1956
OH,Hex,25,9,% shift to the right,,,,Adlai E. Stevenson,H,,Right,0,ü,38.9,-4.3,-160712,,73,ADLAI E. STEVENSON,Dwight D. Eisenhower,42.0%,1439655,26022752,8,3,,,,,,,,,,,,,"The election of 1956 saw a popular Dwight D. Eisenhower successfully run for re-election. The 1956 election was a rematch of 1952, as Eisenhower's opponent in 1956 was Democrat Adlai Stevenson, whom Eisenhower had defeated four years earlier. Incumbent President Eisenhower was popular, but had health conditions that became a quiet issue. Stevenson remained popular with a core of liberal Democrats but held no office and had no real base. He (and Eisenhower) largely ignored the civil rights issue. Eisenhower had ended the Korean War and the nation was prosperous, so a landslide for the charismatic Eisenhower was never in doubt. This was the last presidential election prior to the statehood of Alaska and Hawaii, who would first take part as states in the 1960 presidential election.",13.6,R,56.8,1,20,22.2,61.1,4.3,162219,25,457,DWIGHT D. EISENHOWER, ,57.4%,2262610,35590472,Midwest,3,8.6,-0.5,7,Ohio,,,Ohio,R,3702265,62026908,61.1,R,1956
NE,Hex,6,7,% shift to the left,,,,Adlai E. Stevenson,I,,Left,0,ü,34.5,3.7,10972,,73,ADLAI E. STEVENSON,Dwight D. Eisenhower,42.0%,199029,26022752,4.5,4,,,,,,,,,,,,,"The election of 1956 saw a popular Dwight D. Eisenhower successfully run for re-election. The 1956 election was a rematch of 1952, as Eisenhower's opponent in 1956 was Democrat Adlai Stevenson, whom Eisenhower had defeated four years earlier. Incumbent President Eisenhower was popular, but had health conditions that became a quiet issue. Stevenson remained popular with a core of liberal Democrats but held no office and had no real base. He (and Eisenhower) largely ignored the civil rights issue. Eisenhower had ended the Korean War and the nation was prosperous, so a landslide for the charismatic Eisenhower was never in doubt. This was the last presidential election prior to the statehood of Alaska and Hawaii, who would first take part as states in the 1960 presidential election.",38.4,R,69.2,1,30,31,65.5,-3.7,-43495,6,457,DWIGHT D. EISENHOWER, ,57.4%,378108,35590472,Midwest,4,-7.4,0.5,4,Nebraska,,,Nebraska,R,577137,62026908,65.5,R,1956
KS,Hex,8,7,% shift to the left,,,,Adlai E. Stevenson,I,,Left,0,ü,34.2,3.7,23021,,73,ADLAI E. STEVENSON,Dwight D. Eisenhower,42.0%,296317,26022752,5,5,,,,,,,,,,,,,"The election of 1956 saw a popular Dwight D. Eisenhower successfully run for re-election. The 1956 election was a rematch of 1952, as Eisenhower's opponent in 1956 was Democrat Adlai Stevenson, whom Eisenhower had defeated four years earlier. Incumbent President Eisenhower was popular, but had health conditions that became a quiet issue. Stevenson remained popular with a core of liberal Democrats but held no office and had no real base. He (and Eisenhower) largely ignored the civil rights issue. Eisenhower had ended the Korean War and the nation was prosperous, so a landslide for the charismatic Eisenhower was never in doubt. This was the last presidential election prior to the statehood of Alaska and Hawaii, who would first take part as states in the 1960 presidential election.",38.3,R,68.8,1,30,31.2,65.4,-3.400000000,-49424,8,457,DWIGHT D. EISENHOWER, ,57.4%,566878,35590472,Midwest,5,-7.1,0.5,4,Kansas,,,Kansas,R,866243,62026908,65.4,R,1956
ME,Hex,5,10,% shift to the right,,,,Adlai E. Stevenson,J,,Right,0,ü,29.1,-4.7,-16338,,73,ADLAI E. STEVENSON,Dwight D. Eisenhower,42.0%,102468,26022752,11.5,0,,,,,,,,,,,,,"The election of 1956 saw a popular Dwight D. Eisenhower successfully run for re-election. The 1956 election was a rematch of 1952, as Eisenhower's opponent in 1956 was Democrat Adlai Stevenson, whom Eisenhower had defeated four years earlier. Incumbent President Eisenhower was popular, but had health conditions that became a quiet issue. Stevenson remained popular with a core of liberal Democrats but held no office and had no real base. He (and Eisenhower) largely ignored the civil rights issue. Eisenhower had ended the Korean War and the nation was prosperous, so a landslide for the charismatic Eisenhower was never in doubt. This was the last presidential election prior to the statehood of Alaska and Hawaii, who would first take part as states in the 1960 presidential election.",32.2,R,66,1,40,41.8,70.9,4.900000000,16885,5,457,DWIGHT D. EISENHOWER, ,57.4%,249238,35590472,Northeast,0,9.6,-0.5,11,Maine,,,Maine,R,351706,62026908,70.9,R,1956
VT,Hex,3,1,% shift to the right,,,,Adlai E. Stevenson,J,,Right,0,ü,27.8,-0.400000000,-806,,73,ADLAI E. STEVENSON,Dwight D. Eisenhower,42.0%,42549,26022752,10,1,,,,,,,,,,,,,"The election of 1956 saw a popular Dwight D. Eisenhower successfully run for re-election. The 1956 election was a rematch of 1952, as Eisenhower's opponent in 1956 was Democrat Adlai Stevenson, whom Eisenhower had defeated four years earlier. Incumbent President Eisenhower was popular, but had health conditions that became a quiet issue. Stevenson remained popular with a core of liberal Democrats but held no office and had no real base. He (and Eisenhower) largely ignored the civil rights issue. Eisenhower had ended the Korean War and the nation was prosperous, so a landslide for the charismatic Eisenhower was never in doubt. This was the last presidential election prior to the statehood of Alaska and Hawaii, who would first take part as states in the 1960 presidential election.",43.3,R,71.5,1,40,44.4,72.2,0.700000000,673,3,457,DWIGHT D. EISENHOWER, ,57.4%,110390,35590472,Northeast,1,1.1,-0.5,10,Vermont,,,Vermont,R,152978,62026908,72.2,R,1956
NH,Hex,4,11,% shift to the right,,,,Adlai E. Stevenson,I,,Right,0,ü,33.8,-5.3,-16299,,73,ADLAI E. STEVENSON,Dwight D. Eisenhower,42.0%,90364,26022752,11,1,,,,,,,,,,,,,"The election of 1956 saw a popular Dwight D. Eisenhower successfully run for re-election. The 1956 election was a rematch of 1952, as Eisenhower's opponent in 1956 was Democrat Adlai Stevenson, whom Eisenhower had defeated four years earlier. Incumbent President Eisenhower was popular, but had health conditions that became a quiet issue. Stevenson remained popular with a core of liberal Democrats but held no office and had no real base. He (and Eisenhower) largely ignored the civil rights issue. Eisenhower had ended the Korean War and the nation was prosperous, so a landslide for the charismatic Eisenhower was never in doubt. This was the last presidential election prior to the statehood of Alaska and Hawaii, who would first take part as states in the 1960 presidential election.",21.8,R,60.9,1,30,32.3,66.1,5.2,10232,4,457,DWIGHT D. EISENHOWER, ,57.4%,176519,35590472,Northeast,1,10.5,-0.5,11,New Hampshire,,,New Hampshire,R,266994,62026908,66.1,R,1956
NY,Hex,45,11,% shift to the right,,,,Adlai E. Stevenson,H,,Right,0,ü,38.7,-4.9,-356657,,73,ADLAI E. STEVENSON,Dwight D. Eisenhower,42.0%,2747944,26022752,9.5,2,,,,,,,,,,,,,"The election of 1956 saw a popular Dwight D. Eisenhower successfully run for re-election. The 1956 election was a rematch of 1952, as Eisenhower's opponent in 1956 was Democrat Adlai Stevenson, whom Eisenhower had defeated four years earlier. Incumbent President Eisenhower was popular, but had health conditions that became a quiet issue. Stevenson remained popular with a core of liberal Democrats but held no office and had no real base. He (and Eisenhower) largely ignored the civil rights issue. Eisenhower had ended the Korean War and the nation was prosperous, so a landslide for the charismatic Eisenhower was never in doubt. This was the last presidential election prior to the statehood of Alaska and Hawaii, who would first take part as states in the 1960 presidential election.",11.9,R,55.5,1,20,22.5,61.2,5.7,392693,45,457,DWIGHT D. EISENHOWER, ,57.4%,4345506,35590472,Northeast,2,10.6,-0.5,9,New York,,,New York,R,7095971,62026908,61.2,R,1956
RI,Hex,4,15,% shift to the right,,,,Adlai E. Stevenson,G,,Right,0,ü,41.7,-7.3,-41503,,73,ADLAI E. STEVENSON,Dwight D. Eisenhower,42.0%,161790,26022752,11.5,2,,,,,,,,,,,,,"The election of 1956 saw a popular Dwight D. Eisenhower successfully run for re-election. The 1956 election was a rematch of 1952, as Eisenhower's opponent in 1956 was Democrat Adlai Stevenson, whom Eisenhower had defeated four years earlier. Incumbent President Eisenhower was popular, but had health conditions that became a quiet issue. Stevenson remained popular with a core of liberal Democrats but held no office and had no real base. He (and Eisenhower) largely ignored the civil rights issue. Eisenhower had ended the Korean War and the nation was prosperous, so a landslide for the charismatic Eisenhower was never in doubt. This was the last presidential election prior to the statehood of Alaska and Hawaii, who would first take part as states in the 1960 presidential election.",1.9,R,50.9,1,15,16.6,58.3,7.4,14884,4,457,DWIGHT D. EISENHOWER, ,57.4%,225819,35590472,Northeast,2,14.7,-0.5,10,Rhode Island,,,Rhode Island,R,387609,62026908,58.3,R,1956
MA,Hex,16,10,% shift to the right,,,,Adlai E. Stevenson,G,,Right,0,ü,40.4,-5.1,-135335,,73,ADLAI E. STEVENSON,Dwight D. Eisenhower,42.0%,948190,26022752,10.5,2,,,,,,,,,,,,,"The election of 1956 saw a popular Dwight D. Eisenhower successfully run for re-election. The 1956 election was a rematch of 1952, as Eisenhower's opponent in 1956 was Democrat Adlai Stevenson, whom Eisenhower had defeated four years earlier. Incumbent President Eisenhower was popular, but had health conditions that became a quiet issue. Stevenson remained popular with a core of liberal Democrats but held no office and had no real base. He (and Eisenhower) largely ignored the civil rights issue. Eisenhower had ended the Korean War and the nation was prosperous, so a landslide for the charismatic Eisenhower was never in doubt. This was the last presidential election prior to the statehood of Alaska and Hawaii, who would first take part as states in the 1960 presidential election.",8.7,R,54.2,1,15,18.9,59.3,5.100000000,100872,16,457,DWIGHT D. EISENHOWER, ,57.4%,1393197,35590472,Northeast,2,10.2,-0.5,11,Massachusetts,,,Massachusetts,R,2348506,62026908,59.3,R,1956
PA,Hex,32,7,% shift to the right,,,,Adlai E. Stevenson,G,,Right,0,ü,43.3,-3.6,-164500,,73,ADLAI E. STEVENSON,Dwight D. Eisenhower,42.0%,1981769,26022752,9,3,,,,,,,,,,,,,"The election of 1956 saw a popular Dwight D. Eisenhower successfully run for re-election. The 1956 election was a rematch of 1952, as Eisenhower's opponent in 1956 was Democrat Adlai Stevenson, whom Eisenhower had defeated four years earlier. Incumbent President Eisenhower was popular, but had health conditions that became a quiet issue. Stevenson remained popular with a core of liberal Democrats but held no office and had no real base. He (and Eisenhower) largely ignored the civil rights issue. Eisenhower had ended the Korean War and the nation was prosperous, so a landslide for the charismatic Eisenhower was never in doubt. This was the last presidential election prior to the statehood of Alaska and Hawaii, who would first take part as states in the 1960 presidential election.",5.8,R,52.7,1,10,13.2,56.5,3.8,169463,32,457,DWIGHT D. EISENHOWER, ,57.4%,2585252,35590472,Northeast,3,7.4,-0.5,8,Pennsylvania,,,Pennsylvania,R,4576503,62026908,56.5,R,1956
NJ,Hex,16,16,% shift to the right,,,,Adlai E. Stevenson,I,,Right,0,ü,34.2,-7.8,-165565,,73,ADLAI E. STEVENSON,Dwight D. Eisenhower,42.0%,850337,26022752,10,3,,,,,,,,,,,,,"The election of 1956 saw a popular Dwight D. Eisenhower successfully run for re-election. The 1956 election was a rematch of 1952, as Eisenhower's opponent in 1956 was Democrat Adlai Stevenson, whom Eisenhower had defeated four years earlier. Incumbent President Eisenhower was popular, but had health conditions that became a quiet issue. Stevenson remained popular with a core of liberal Democrats but held no office and had no real base. He (and Eisenhower) largely ignored the civil rights issue. Eisenhower had ended the Korean War and the nation was prosperous, so a landslide for the charismatic Eisenhower was never in doubt. This was the last presidential election prior to the statehood of Alaska and Hawaii, who would first take part as states in the 1960 presidential election.",14.8,R,56.8,1,30,30.5,64.7,7.900000000,233329,16,457,DWIGHT D. EISENHOWER, ,57.4%,1606942,35590472,Northeast,3,15.7,-0.5,9,New Jersey,,,New Jersey,R,2484312,62026908,64.7,R,1956
CT,Hex,8,16,% shift to the right,,,,Adlai E. Stevenson,H,,Right,0,ü,36.3,-7.6,-76570,,73,ADLAI E. STEVENSON,Dwight D. Eisenhower,42.0%,405079,26022752,11,3,,,,,,,,,,,,,"The election of 1956 saw a popular Dwight D. Eisenhower successfully run for re-election. The 1956 election was a rematch of 1952, as Eisenhower's opponent in 1956 was Democrat Adlai Stevenson, whom Eisenhower had defeated four years earlier. Incumbent President Eisenhower was popular, but had health conditions that became a quiet issue. Stevenson remained popular with a core of liberal Democrats but held no office and had no real base. He (and Eisenhower) largely ignored the civil rights issue. Eisenhower had ended the Korean War and the nation was prosperous, so a landslide for the charismatic Eisenhower was never in doubt. This was the last presidential election prior to the statehood of Alaska and Hawaii, who would first take part as states in the 1960 presidential election.",11.8,R,55.7,1,25,27.4,63.7,8,100825,8,457,DWIGHT D. EISENHOWER, ,57.4%,711837,35590472,Northeast,3,15.6,-0.5,10,Connecticut,,,Connecticut,R,1117121,62026908,63.7,R,1956
DE,Hex,3,7,% shift to the right,,,,Adlai E. Stevenson,G,,Right,0,ü,44.6,-3.3,-3894,,73,ADLAI E. STEVENSON,Dwight D. Eisenhower,42.0%,79421,26022752,9.5,4,,,,,,,,,,,,,"The election of 1956 saw a popular Dwight D. Eisenhower successfully run for re-election. The 1956 election was a rematch of 1952, as Eisenhower's opponent in 1956 was Democrat Adlai Stevenson, whom Eisenhower had defeated four years earlier. Incumbent President Eisenhower was popular, but had health conditions that became a quiet issue. Stevenson remained popular with a core of liberal Democrats but held no office and had no real base. He (and Eisenhower) largely ignored the civil rights issue. Eisenhower had ended the Korean War and the nation was prosperous, so a landslide for the charismatic Eisenhower was never in doubt. This was the last presidential election prior to the statehood of Alaska and Hawaii, who would first take part as states in the 1960 presidential election.",3.9,R,51.8,1,10,10.5,55.1,3.3,7998,3,457,DWIGHT D. EISENHOWER, ,57.4%,98057,35590472,Northeast,5,6.6,-0.5,9,Delaware,,,Delaware,R,177988,62026908,55.1,R,1956
KY,Hex,10,9,% shift to the right,,,,Adlai E. Stevenson,F,,Right,0,ü,45.2,-4.7,-19276,,73,ADLAI E. STEVENSON,Dwight D. Eisenhower,42.0%,476453,26022752,6.5,4,,,,,,,,,,,,,"The election of 1956 saw a popular Dwight D. Eisenhower successfully run for re-election. The 1956 election was a rematch of 1952, as Eisenhower's opponent in 1956 was Democrat Adlai Stevenson, whom Eisenhower had defeated four years earlier. Incumbent President Eisenhower was popular, but had health conditions that became a quiet issue. Stevenson remained popular with a core of liberal Democrats but held no office and had no real base. He (and Eisenhower) largely ignored the civil rights issue. Eisenhower had ended the Korean War and the nation was prosperous, so a landslide for the charismatic Eisenhower was never in doubt. This was the last presidential election prior to the statehood of Alaska and Hawaii, who would first take part as states in the 1960 presidential election.",-0.100000000,D,-49.9,1,5,9.100000000,54.3,4.5,77163,10,457,DWIGHT D. EISENHOWER, ,57.4%,572192,35590472,South,4,9.2,-0.5,6,Kentucky,,,Kentucky,R,1053805,62026908,54.3,R,1956
WV,Hex,8,12,% shift to the right,,,,Adlai E. Stevenson,F,,Right,0,ü,45.9,-6,-72044,,73,ADLAI E. STEVENSON,Dwight D. Eisenhower,42.0%,381534,26022752,7.5,4,,,,,,,,,,,,,"The election of 1956 saw a popular Dwight D. Eisenhower successfully run for re-election. The 1956 election was a rematch of 1952, as Eisenhower's opponent in 1956 was Democrat Adlai Stevenson, whom Eisenhower had defeated four years earlier. Incumbent President Eisenhower was popular, but had health conditions that became a quiet issue. Stevenson remained popular with a core of liberal Democrats but held no office and had no real base. He (and Eisenhower) largely ignored the civil rights issue. Eisenhower had ended the Korean War and the nation was prosperous, so a landslide for the charismatic Eisenhower was never in doubt. This was the last presidential election prior to the statehood of Alaska and Hawaii, who would first take part as states in the 1960 presidential election.",-3.8,D,-51.9,1,5,8.2,54.1,6,29327,8,457,DWIGHT D. EISENHOWER, ,57.4%,449297,35590472,South,4,12.0,-0.5,7,West Virginia,,,West Virginia,R,830831,62026908,54.1,R,1956
LA,Hex,10,20,% shift to the right,,,,Adlai E. Stevenson,G,,Right,0,ü,39.5,-13.4,-101050,,73,ADLAI E. STEVENSON,Dwight D. Eisenhower,42.0%,243977,26022752,5.5,6,,,,,,,,,,,,,"The election of 1956 saw a popular Dwight D. Eisenhower successfully run for re-election. The 1956 election was a rematch of 1952, as Eisenhower's opponent in 1956 was Democrat Adlai Stevenson, whom Eisenhower had defeated four years earlier. Incumbent President Eisenhower was popular, but had health conditions that became a quiet issue. Stevenson remained popular with a core of liberal Democrats but held no office and had no real base. He (and Eisenhower) largely ignored the civil rights issue. Eisenhower had ended the Korean War and the nation was prosperous, so a landslide for the charismatic Eisenhower was never in doubt. This was the last presidential election prior to the statehood of Alaska and Hawaii, who would first take part as states in the 1960 presidential election.",-5.8,D,-52.9,1,10,13.8,53.3,6.2,22122,10,457,DWIGHT D. EISENHOWER, ,57.4%,329047,35590472,South,6,19.6,-0.5,5,Louisiana,,,Louisiana,R,617544,62026908,53.3,R,1956
MD,Hex,9,9,% shift to the right,,,,Adlai E. Stevenson,H,,Right,0,ü,39.9,-3.9,-22724,,73,ADLAI E. STEVENSON,Dwight D. Eisenhower,42.0%,372613,26022752,8.5,4,,,,,,,,,,,,,"The election of 1956 saw a popular Dwight D. Eisenhower successfully run for re-election. The 1956 election was a rematch of 1952, as Eisenhower's opponent in 1956 was Democrat Adlai Stevenson, whom Eisenhower had defeated four years earlier. Incumbent President Eisenhower was popular, but had health conditions that became a quiet issue. Stevenson remained popular with a core of liberal Democrats but held no office and had no real base. He (and Eisenhower) largely ignored the civil rights issue. Eisenhower had ended the Korean War and the nation was prosperous, so a landslide for the charismatic Eisenhower was never in doubt. This was the last presidential election prior to the statehood of Alaska and Hawaii, who would first take part as states in the 1960 presidential election.",11.6,R,55.4,1,20,20.1,60.0,4.6,60314,9,457,DWIGHT D. EISENHOWER, ,57.4%,559738,35590472,South,4,8.5,-0.5,9,Maryland,,,Maryland,R,932827,62026908,60,R,1956
VA,Hex,12,4,% shift to the right,,,,Adlai E. Stevenson,G,,Right,0,ü,38.4,-5,-917,,73,ADLAI E. STEVENSON,Dwight D. Eisenhower,42.0%,267760,26022752,8,5,,,,,,,,,,,,,"The election of 1956 saw a popular Dwight D. Eisenhower successfully run for re-election. The 1956 election was a rematch of 1952, as Eisenhower's opponent in 1956 was Democrat Adlai Stevenson, whom Eisenhower had defeated four years earlier. Incumbent President Eisenhower was popular, but had health conditions that became a quiet issue. Stevenson remained popular with a core of liberal Democrats but held no office and had no real base. He (and Eisenhower) largely ignored the civil rights issue. Eisenhower had ended the Korean War and the nation was prosperous, so a landslide for the charismatic Eisenhower was never in doubt. This was the last presidential election prior to the statehood of Alaska and Hawaii, who would first take part as states in the 1960 presidential election.",12.9,R,56.3,1,15,17,55.4,-0.900000000,37422,12,457,DWIGHT D. EISENHOWER, ,57.4%,386459,35590472,South,4,4.1,-0.5,8,Virginia,,,Virginia,R,697978,62026908,55.4,R,1956
TN,Hex,11,0,% shift to the right,,,,Adlai E. Stevenson,F,,Right,0,ü,48.6,-1.1,12797,,73,ADLAI E. STEVENSON,Dwight D. Eisenhower,42.0%,456507,26022752,7,5,,,,,,,,,,,,,"The election of 1956 saw a popular Dwight D. Eisenhower successfully run for re-election. The 1956 election was a rematch of 1952, as Eisenhower's opponent in 1956 was Democrat Adlai Stevenson, whom Eisenhower had defeated four years earlier. Incumbent President Eisenhower was popular, but had health conditions that became a quiet issue. Stevenson remained popular with a core of liberal Democrats but held no office and had no real base. He (and Eisenhower) largely ignored the civil rights issue. Eisenhower had ended the Korean War and the nation was prosperous, so a landslide for the charismatic Eisenhower was never in doubt. This was the last presidential election prior to the statehood of Alaska and Hawaii, who would first take part as states in the 1960 presidential election.",0.300000000,R,50,1,0,0.600000000,49.2,-0.800000000,16141,11,457,DWIGHT D. EISENHOWER, ,57.4%,462288,35590472,South,5,0.3,-0.5,6,Tennessee,,,Tennessee,R,939404,62026908,49.2,R,1956
OK,Hex,8,1,% shift to the right,,,,Adlai E. Stevenson,G,,Right,0,ü,44.9,-0.5,-45358,,73,ADLAI E. STEVENSON,Dwight D. Eisenhower,42.0%,385581,26022752,4.5,6,,,,,,,,,,,,,"The election of 1956 saw a popular Dwight D. Eisenhower successfully run for re-election. The 1956 election was a rematch of 1952, as Eisenhower's opponent in 1956 was Democrat Adlai Stevenson, whom Eisenhower had defeated four years earlier. Incumbent President Eisenhower was popular, but had health conditions that became a quiet issue. Stevenson remained popular with a core of liberal Democrats but held no office and had no real base. He (and Eisenhower) largely ignored the civil rights issue. Eisenhower had ended the Korean War and the nation was prosperous, so a landslide for the charismatic Eisenhower was never in doubt. This was the last presidential election prior to the statehood of Alaska and Hawaii, who would first take part as states in the 1960 presidential election.",9.2,R,54.6,1,10,10.2,55.1,0.5,-44276,8,457,DWIGHT D. EISENHOWER, ,57.4%,473769,35590472,South,6,1.0,-0.5,4,Oklahoma,,,Oklahoma,R,859350,62026908,55.1,R,1956
TX,Hex,24,5,% shift to the right,,,,Adlai E. Stevenson,G,,Right,0,ü,44.0,-2.7,-109270,,73,ADLAI E. STEVENSON,Dwight D. Eisenhower,42.0%,859958,26022752,4,7,,,,,,,,,,,,,"The election of 1956 saw a popular Dwight D. Eisenhower successfully run for re-election. The 1956 election was a rematch of 1952, as Eisenhower's opponent in 1956 was Democrat Adlai Stevenson, whom Eisenhower had defeated four years earlier. Incumbent President Eisenhower was popular, but had health conditions that became a quiet issue. Stevenson remained popular with a core of liberal Democrats but held no office and had no real base. He (and Eisenhower) largely ignored the civil rights issue. Eisenhower had ended the Korean War and the nation was prosperous, so a landslide for the charismatic Eisenhower was never in doubt. This was the last presidential election prior to the statehood of Alaska and Hawaii, who would first take part as states in the 1960 presidential election.",6.4,R,53.1,1,10,11.3,55.3,2.2,-22259,24,457,DWIGHT D. EISENHOWER, ,57.4%,1080619,35590472,South,7,4.9,-0.5,4,Texas,,,Texas,R,1955168,62026908,55.3,R,1956
FL,Hex,10,5,% shift to the right,,,,Adlai E. Stevenson,G,,Right,0,ü,42.7,-2.3,35421,,73,ADLAI E. STEVENSON,Dwight D. Eisenhower,42.0%,480371,26022752,8.5,8,,,,,,,,,,,,,"The election of 1956 saw a popular Dwight D. Eisenhower successfully run for re-election. The 1956 election was a rematch of 1952, as Eisenhower's opponent in 1956 was Democrat Adlai Stevenson, whom Eisenhower had defeated four years earlier. Incumbent President Eisenhower was popular, but had health conditions that became a quiet issue. Stevenson remained popular with a core of liberal Democrats but held no office and had no real base. He (and Eisenhower) largely ignored the civil rights issue. Eisenhower had ended the Korean War and the nation was prosperous, so a landslide for the charismatic Eisenhower was never in doubt. This was the last presidential election prior to the statehood of Alaska and Hawaii, who would first take part as states in the 1960 presidential election.",10,R,55,1,10,14.5,57.2,2.2,99813,10,457,DWIGHT D. EISENHOWER, ,57.4%,643849,35590472,South,7,4.5,-0.5,9,Florida,,,Florida,R,1125762,62026908,57.2,R,1956
WA,Hex,9,1,% shift to the left,,,,Adlai E. Stevenson,F,,Left,0,ü,45.4,0.700000000,30157,,73,ADLAI E. STEVENSON,Dwight D. Eisenhower,42.0%,523002,26022752,1.5,2,,,,,,,,,,,,,"The election of 1956 saw a popular Dwight D. Eisenhower successfully run for re-election. The 1956 election was a rematch of 1952, as Eisenhower's opponent in 1956 was Democrat Adlai Stevenson, whom Eisenhower had defeated four years earlier. Incumbent President Eisenhower was popular, but had health conditions that became a quiet issue. Stevenson remained popular with a core of liberal Democrats but held no office and had no real base. He (and Eisenhower) largely ignored the civil rights issue. Eisenhower had ended the Korean War and the nation was prosperous, so a landslide for the charismatic Eisenhower was never in doubt. This was the last presidential election prior to the statehood of Alaska and Hawaii, who would first take part as states in the 1960 presidential election.",9.600000000,R,54.3,1,5,8.5,53.9,-0.400000000,21323,9,457,DWIGHT D. EISENHOWER, ,57.4%,620430,35590472,West,2,-1.1,0.5,1,Washington,,,Washington,R,1150889,62026908,53.9,R,1956
MT,Hex,4,5,% shift to the left,,,,Adlai E. Stevenson,G,,Left,0,ü,42.9,2.8,10025,,73,ADLAI E. STEVENSON,Dwight D. Eisenhower,42.0%,116238,26022752,2.5,2,,,,,,,,,,,,,"The election of 1956 saw a popular Dwight D. Eisenhower successfully run for re-election. The 1956 election was a rematch of 1952, as Eisenhower's opponent in 1956 was Democrat Adlai Stevenson, whom Eisenhower had defeated four years earlier. Incumbent President Eisenhower was popular, but had health conditions that became a quiet issue. Stevenson remained popular with a core of liberal Democrats but held no office and had no real base. He (and Eisenhower) largely ignored the civil rights issue. Eisenhower had ended the Korean War and the nation was prosperous, so a landslide for the charismatic Eisenhower was never in doubt. This was the last presidential election prior to the statehood of Alaska and Hawaii, who would first take part as states in the 1960 presidential election.",19.3,R,59.4,1,10,14.2,57.1,-2.3,-2461,4,457,DWIGHT D. EISENHOWER, ,57.4%,154933,35590472,West,2,-5.1,0.5,3,Montana,,,Montana,R,271171,62026908,57.1,R,1956
ID,Hex,4,9,% shift to the left,,,,Adlai E. Stevenson,H,,Left,0,ü,38.8,4.4,10787,,73,ADLAI E. STEVENSON,Dwight D. Eisenhower,42.0%,105868,26022752,2,3,,,,,,,,,,,,,"The election of 1956 saw a popular Dwight D. Eisenhower successfully run for re-election. The 1956 election was a rematch of 1952, as Eisenhower's opponent in 1956 was Democrat Adlai Stevenson, whom Eisenhower had defeated four years earlier. Incumbent President Eisenhower was popular, but had health conditions that became a quiet issue. Stevenson remained popular with a core of liberal Democrats but held no office and had no real base. He (and Eisenhower) largely ignored the civil rights issue. Eisenhower had ended the Korean War and the nation was prosperous, so a landslide for the charismatic Eisenhower was never in doubt. This was the last presidential election prior to the statehood of Alaska and Hawaii, who would first take part as states in the 1960 presidential election.",31,R,65.4,1,20,22.4,61.2,-4.2,-13728,4,457,DWIGHT D. EISENHOWER, ,57.4%,166979,35590472,West,2,-8.6,0.5,2,Idaho,,,Idaho,R,272989,62026908,61.2,R,1956
WY,Hex,3,5,% shift to the left,,,,Adlai E. Stevenson,H,,Left,0,ü,39.9,2.8,1620,,73,ADLAI E. STEVENSON,Dwight D. Eisenhower,42.0%,49554,26022752,3,3,,,,,,,,,,,,,"The election of 1956 saw a popular Dwight D. Eisenhower successfully run for re-election. The 1956 election was a rematch of 1952, as Eisenhower's opponent in 1956 was Democrat Adlai Stevenson, whom Eisenhower had defeated four years earlier. Incumbent President Eisenhower was popular, but had health conditions that became a quiet issue. Stevenson remained popular with a core of liberal Democrats but held no office and had no real base. He (and Eisenhower) largely ignored the civil rights issue. Eisenhower had ended the Korean War and the nation was prosperous, so a landslide for the charismatic Eisenhower was never in doubt. This was the last presidential election prior to the statehood of Alaska and Hawaii, who would first take part as states in the 1960 presidential election.",25.6,R,62.7,1,20,20.2,60.1,-2.6,-6476,3,457,DWIGHT D. EISENHOWER, ,57.4%,74573,35590472,West,3,-5.4,0.5,3,Wyoming,,,Wyoming,R,124127,62026908,60.1,R,1956
OR,Hex,6,11,% shift to the left,,,,Adlai E. Stevenson,G,,Left,0,ü,44.7,5.8,58625,,73,ADLAI E. STEVENSON,Dwight D. Eisenhower,42.0%,329204,26022752,1.5,4,,,,,,,,,,,,,"The election of 1956 saw a popular Dwight D. Eisenhower successfully run for re-election. The 1956 election was a rematch of 1952, as Eisenhower's opponent in 1956 was Democrat Adlai Stevenson, whom Eisenhower had defeated four years earlier. Incumbent President Eisenhower was popular, but had health conditions that became a quiet issue. Stevenson remained popular with a core of liberal Democrats but held no office and had no real base. He (and Eisenhower) largely ignored the civil rights issue. Eisenhower had ended the Korean War and the nation was prosperous, so a landslide for the charismatic Eisenhower was never in doubt. This was the last presidential election prior to the statehood of Alaska and Hawaii, who would first take part as states in the 1960 presidential election.",21.6,R,60.5,1,10,10.5,55.2,-5.3,-14422,6,457,DWIGHT D. EISENHOWER, ,57.4%,406393,35590472,West,3,-11.1,0.5,1,Oregon,,,Oregon,R,736132,62026908,55.2,R,1956
NV,Hex,3,7,% shift to the left,,,,Adlai E. Stevenson,G,,Left,0,ü,42.0,3.4,8952,,73,ADLAI E. STEVENSON,Dwight D. Eisenhower,42.0%,40640,26022752,2.5,4,,,,,,,,,,,,,"The election of 1956 saw a popular Dwight D. Eisenhower successfully run for re-election. The 1956 election was a rematch of 1952, as Eisenhower's opponent in 1956 was Democrat Adlai Stevenson, whom Eisenhower had defeated four years earlier. Incumbent President Eisenhower was popular, but had health conditions that became a quiet issue. Stevenson remained popular with a core of liberal Democrats but held no office and had no real base. He (and Eisenhower) largely ignored the civil rights issue. Eisenhower had ended the Korean War and the nation was prosperous, so a landslide for the charismatic Eisenhower was never in doubt. This was the last presidential election prior to the statehood of Alaska and Hawaii, who would first take part as states in the 1960 presidential election.",22.8,R,61.4,1,15,16,58.0,-3.4,5547,3,457,DWIGHT D. EISENHOWER, ,57.4%,56049,35590472,West,3,-6.8,0.5,2,Nevada,,,Nevada,R,96689,62026908,58,R,1956
CO,Hex,6,1,% shift to the left,,,,Adlai E. Stevenson,H,,Left,0,ü,39.3,0.300000000,12493,,73,ADLAI E. STEVENSON,Dwight D. Eisenhower,42.0%,257997,26022752,3.5,4,,,,,,,,,,,,,"The election of 1956 saw a popular Dwight D. Eisenhower successfully run for re-election. The 1956 election was a rematch of 1952, as Eisenhower's opponent in 1956 was Democrat Adlai Stevenson, whom Eisenhower had defeated four years earlier. Incumbent President Eisenhower was popular, but had health conditions that became a quiet issue. Stevenson remained popular with a core of liberal Democrats but held no office and had no real base. He (and Eisenhower) largely ignored the civil rights issue. Eisenhower had ended the Korean War and the nation was prosperous, so a landslide for the charismatic Eisenhower was never in doubt. This was the last presidential election prior to the statehood of Alaska and Hawaii, who would first take part as states in the 1960 presidential election.",21.3,R,60.3,1,20,20.7,60.0,-0.300000000,14697,6,457,DWIGHT D. EISENHOWER, ,57.4%,394479,35590472,West,4,-0.6,0.5,3,Colorado,,,Colorado,R,657074,62026908,60,R,1956
CA,Hex,32,2,% shift to the left,,,,Adlai E. Stevenson,G,,Left,0,ü,44.3,1.600000000,222587,,73,ADLAI E. STEVENSON,Dwight D. Eisenhower,42.0%,2420135,26022752,2,5,,,,,,,,,,,,,"The election of 1956 saw a popular Dwight D. Eisenhower successfully run for re-election. The 1956 election was a rematch of 1952, as Eisenhower's opponent in 1956 was Democrat Adlai Stevenson, whom Eisenhower had defeated four years earlier. Incumbent President Eisenhower was popular, but had health conditions that became a quiet issue. Stevenson remained popular with a core of liberal Democrats but held no office and had no real base. He (and Eisenhower) largely ignored the civil rights issue. Eisenhower had ended the Korean War and the nation was prosperous, so a landslide for the charismatic Eisenhower was never in doubt. This was the last presidential election prior to the statehood of Alaska and Hawaii, who would first take part as states in the 1960 presidential election.",13.6,R,56.3,1,10,11.1,55.4,-0.900000000,130358,32,457,DWIGHT D. EISENHOWER, ,57.4%,3027668,35590472,West,4,-2.5,0.5,1,California,,,California,R,5466355,62026908,55.4,R,1956
UT,Hex,4,11,% shift to the right,,,,Adlai E. Stevenson,H,,Right,0,ü,35.4,-5.7,-17000,,73,ADLAI E. STEVENSON,Dwight D. Eisenhower,42.0%,118364,26022752,4,5,,,,,,,,,,,,,"The election of 1956 saw a popular Dwight D. Eisenhower successfully run for re-election. The 1956 election was a rematch of 1952, as Eisenhower's opponent in 1956 was Democrat Adlai Stevenson, whom Eisenhower had defeated four years earlier. Incumbent President Eisenhower was popular, but had health conditions that became a quiet issue. Stevenson remained popular with a core of liberal Democrats but held no office and had no real base. He (and Eisenhower) largely ignored the civil rights issue. Eisenhower had ended the Korean War and the nation was prosperous, so a landslide for the charismatic Eisenhower was never in doubt. This was the last presidential election prior to the statehood of Alaska and Hawaii, who would first take part as states in the 1960 presidential election.",17.8,R,58.9,1,25,29.2,64.6,5.7,21441,4,457,DWIGHT D. EISENHOWER, ,57.4%,215631,35590472,West,4,11.4,-0.5,2,Utah,,,Utah,R,333995,62026908,64.6,R,1956
AZ,Hex,4,6,% shift to the right,,,,Adlai E. Stevenson,H,,Right,0,ü,38.9,-2.8,4352,,73,ADLAI E. STEVENSON,Dwight D. Eisenhower,42.0%,112880,26022752,3,5,,,,,,,,,,,,,"The election of 1956 saw a popular Dwight D. Eisenhower successfully run for re-election. The 1956 election was a rematch of 1952, as Eisenhower's opponent in 1956 was Democrat Adlai Stevenson, whom Eisenhower had defeated four years earlier. Incumbent President Eisenhower was popular, but had health conditions that became a quiet issue. Stevenson remained popular with a core of liberal Democrats but held no office and had no real base. He (and Eisenhower) largely ignored the civil rights issue. Eisenhower had ended the Korean War and the nation was prosperous, so a landslide for the charismatic Eisenhower was never in doubt. This was the last presidential election prior to the statehood of Alaska and Hawaii, who would first take part as states in the 1960 presidential election.",16.6,R,58.3,1,20,22.1,61.0,2.7,24948,4,457,DWIGHT D. EISENHOWER, ,57.4%,176990,35590472,West,5,5.5,-0.5,2,Arizona,,,Arizona,R,290173,62026908,61,R,1956
NM,Hex,4,5,% shift to the right,,,,Adlai E. Stevenson,G,,Right,0,ü,41.8,-2.5,437,,73,ADLAI E. STEVENSON,Dwight D. Eisenhower,42.0%,106098,26022752,3.5,6,,,,,,,,,,,,,"The election of 1956 saw a popular Dwight D. Eisenhower successfully run for re-election. The 1956 election was a rematch of 1952, as Eisenhower's opponent in 1956 was Democrat Adlai Stevenson, whom Eisenhower had defeated four years earlier. Incumbent President Eisenhower was popular, but had health conditions that became a quiet issue. Stevenson remained popular with a core of liberal Democrats but held no office and had no real base. He (and Eisenhower) largely ignored the civil rights issue. Eisenhower had ended the Korean War and the nation was prosperous, so a landslide for the charismatic Eisenhower was never in doubt. This was the last presidential election prior to the statehood of Alaska and Hawaii, who would first take part as states in the 1960 presidential election.",11.1,R,55.4,1,15,16,57.8,2.4,14618,4,457,DWIGHT D. EISENHOWER, ,57.4%,146788,35590472,West,5,4.9,-0.5,3,New Mexico,,,New Mexico,R,253926,62026908,57.8,R,1956
