[
    {
        "alpha2_code": "ao",
        "continent": "Africa",
        "gdp": 115332111283.362,
        "latitude": -8.81155,
        "life_expectancy": 51.464,
        "longitude": 13.242,
        "name": "Angola",
        "population": 12104952,
        "year": 2012
    },
    {
        "alpha2_code": "al",
        "continent": "Europe",
        "gdp": 12344532541.1994,
        "latitude": 41.3317,
        "life_expectancy": 77.3504634146341,
        "longitude": 19.8172,
        "name": "Albania",
        "population": 3357858,
        "year": 2012
    },
    {
        "alpha2_code": "ae",
        "continent": "Asia",
        "gdp": 383799194080.908,
        "latitude": 24.4764,
        "life_expectancy": 76.9578780487805,
        "longitude": 54.3705,
        "name": "United Arab Emirates",
        "population": 2346305,
        "year": 2012
    },
    {
        "alpha2_code": "ar",
        "continent": "Americas",
        "gdp": 603153016502.593,
        "latitude": -34.6118,
        "life_expectancy": 76.0126829268293,
        "longitude": -58.4173,
        "name": "Argentina",
        "population": 34833168,
        "year": 2012
    },
    {
        "alpha2_code": "au",
        "continent": "Oceania",
        "gdp": 1532407884934.19,
        "latitude": -35.282,
        "life_expectancy": 82.0951219512195,
        "longitude": 149.129,
        "name": "Australia",
        "population": 18072000,
        "year": 2012
    },
    {
        "alpha2_code": "at",
        "continent": "Europe",
        "gdp": 394457535617.266,
        "latitude": 48.2201,
        "life_expectancy": 80.9365853658537,
        "longitude": 16.3798,
        "name": "Austria",
        "population": 7948278,
        "year": 2012
    },
    {
        "alpha2_code": "az",
        "continent": "Asia",
        "gdp": 68730906313.6456,
        "latitude": 40.3834,
        "life_expectancy": 70.6249512195122,
        "longitude": 49.8932,
        "name": "Azerbaijan",
        "population": 7685000,
        "year": 2012
    },
    {
        "alpha2_code": "be",
        "continent": "Europe",
        "gdp": 482918013610.427,
        "latitude": 50.8371,
        "life_expectancy": 80.3853658536585,
        "longitude": 4.36761,
        "name": "Belgium",
        "population": 10136811,
        "year": 2012
    },
    {
        "alpha2_code": "bd",
        "continent": "Asia",
        "gdp": 116033894877.855,
        "latitude": 23.7055,
        "life_expectancy": 70.2948536585366,
        "longitude": 90.4113,
        "name": "Bangladesh",
        "population": 119900000,
        "year": 2012
    },
    {
        "alpha2_code": "bg",
        "continent": "Europe",
        "gdp": 51303659417.9095,
        "latitude": 42.7105,
        "life_expectancy": 74.3146341463415,
        "longitude": 23.3238,
        "name": "Bulgaria",
        "population": 8406067,
        "year": 2012
    },
    {
        "alpha2_code": "ba",
        "continent": "Europe",
        "gdp": 16853238733.4122,
        "latitude": 43.8607,
        "life_expectancy": 76.1211463414634,
        "longitude": 18.4214,
        "name": "Bosnia and Herzegovina",
        "population": 3520996,
        "year": 2012
    },
    {
        "alpha2_code": "by",
        "continent": "Europe",
        "gdp": 63615445566.8483,
        "latitude": 53.9678,
        "life_expectancy": 72.0634146341463,
        "longitude": 27.5766,
        "name": "Belarus",
        "population": 10194000,
        "year": 2012
    },
    {
        "alpha2_code": "bo",
        "continent": "Americas",
        "gdp": 27035110130.246,
        "latitude": -13.9908,
        "life_expectancy": 66.9266341463415,
        "longitude": -66.1936,
        "name": "Bolivia",
        "population": 7635362,
        "year": 2012
    },
    {
        "alpha2_code": "br",
        "continent": "Americas",
        "gdp": 2248780912395.68,
        "latitude": -15.7801,
        "life_expectancy": 73.6178780487805,
        "longitude": -47.9292,
        "name": "Brazil",
        "population": 161900000,
        "year": 2012
    },
    {
        "alpha2_code": "ca",
        "continent": "Americas",
        "gdp": 1821445449562.2,
        "latitude": 45.4215,
        "life_expectancy": 81.2380487804878,
        "longitude": -75.6919,
        "name": "Canada",
        "population": 29354000,
        "year": 2012
    },
    {
        "alpha2_code": "ch",
        "continent": "Europe",
        "gdp": 631183475907.878,
        "latitude": 46.948,
        "life_expectancy": 82.6975609756098,
        "longitude": 7.44821,
        "name": "Switzerland",
        "population": 7040687,
        "year": 2012
    },
    {
        "alpha2_code": "cl",
        "continent": "Americas",
        "gdp": 266259263033.373,
        "latitude": -33.475,
        "life_expectancy": 79.5726585365854,
        "longitude": -70.6475,
        "name": "Chile",
        "population": 14440103,
        "year": 2012
    },
    {
        "alpha2_code": "cn",
        "continent": "Asia",
        "gdp": 8229490030098.38,
        "latitude": 40.0495,
        "life_expectancy": 75.199512195122,
        "longitude": 116.286,
        "name": "China",
        "population": 1205000000,
        "year": 2012
    },
    {
        "alpha2_code": "ci",
        "continent": "Africa",
        "gdp": 24680372724.4372,
        "latitude": 5.332,
        "life_expectancy": 50.4017317073171,
        "longitude": -4.0305,
        "name": "Cote d'Ivoire",
        "population": 14217430,
        "year": 2012
    },
    {
        "alpha2_code": "cm",
        "continent": "Africa",
        "gdp": 26472637886.5689,
        "latitude": 3.8721,
        "life_expectancy": 54.587512195122,
        "longitude": 11.5174,
        "name": "Cameroon",
        "population": 13929575,
        "year": 2012
    },
    {
        "alpha2_code": "cg",
        "continent": "Africa",
        "gdp": 13677929161.7142,
        "latitude": -4.2767,
        "life_expectancy": 58.2965609756098,
        "longitude": 15.2662,
        "name": "Congo",
        "population": 2720633,
        "year": 2012
    },
    {
        "alpha2_code": "co",
        "continent": "Americas",
        "gdp": 370328075210.144,
        "latitude": 4.60987,
        "life_expectancy": 73.7770731707317,
        "longitude": -74.082,
        "name": "Colombia",
        "population": 36573895,
        "year": 2012
    },
    {
        "alpha2_code": "cr",
        "continent": "Americas",
        "gdp": 45374788701.1671,
        "latitude": 9.63701,
        "life_expectancy": 79.7050243902439,
        "longitude": -84.0089,
        "name": "Costa Rica",
        "population": 3478197,
        "year": 2012
    },
    {
        "alpha2_code": "cu",
        "continent": "Americas",
        "gdp": 0.0,
        "latitude": 23.1333,
        "life_expectancy": 79.0670243902439,
        "longitude": -82.3667,
        "name": "Cuba",
        "population": 10932013,
        "year": 2012
    },
    {
        "alpha2_code": "cz",
        "continent": "Europe",
        "gdp": 196446226535.564,
        "latitude": 50.0878,
        "life_expectancy": 78.0756097560976,
        "longitude": 14.4205,
        "name": "Czech Republic",
        "population": 10327253,
        "year": 2012
    },
    {
        "alpha2_code": "de",
        "continent": "Europe",
        "gdp": 3425956470873.76,
        "latitude": 52.5235,
        "life_expectancy": 80.8926829268293,
        "longitude": 13.4115,
        "name": "Germany",
        "population": 81678051,
        "year": 2012
    },
    {
        "alpha2_code": "dk",
        "continent": "Europe",
        "gdp": 315164386681.752,
        "latitude": 55.6763,
        "life_expectancy": 80.0512195121951,
        "longitude": 12.5681,
        "name": "Denmark",
        "population": 5233373,
        "year": 2012
    },
    {
        "alpha2_code": "do",
        "continent": "Americas",
        "gdp": 58920504571.4068,
        "latitude": 18.479,
        "life_expectancy": 73.2329756097561,
        "longitude": -69.8908,
        "name": "Dominican Republic",
        "population": 7977966,
        "year": 2012
    },
    {
        "alpha2_code": "dz",
        "continent": "Africa",
        "gdp": 204331017992.08,
        "latitude": 36.7397,
        "life_expectancy": 70.8821707317073,
        "longitude": 3.05097,
        "name": "Algeria",
        "population": 29315463,
        "year": 2012
    },
    {
        "alpha2_code": "ec",
        "continent": "Americas",
        "gdp": 84039856000.0,
        "latitude": -0.229498,
        "life_expectancy": 76.1925609756098,
        "longitude": -78.5243,
        "name": "Ecuador",
        "population": 11315800,
        "year": 2012
    },
    {
        "alpha2_code": "eg",
        "continent": "Africa",
        "gdp": 262831912586.538,
        "latitude": 30.0982,
        "life_expectancy": 70.907243902439,
        "longitude": 31.2461,
        "name": "Egypt",
        "population": 61168397,
        "year": 2012
    },
    {
        "alpha2_code": "es",
        "continent": "Europe",
        "gdp": 1322481642058.38,
        "latitude": 40.4167,
        "life_expectancy": 82.3780487804878,
        "longitude": -3.70327,
        "name": "Spain",
        "population": 39387017,
        "year": 2012
    },
    {
        "alpha2_code": "ee",
        "continent": "Europe",
        "gdp": 22376042497.826,
        "latitude": 59.4392,
        "life_expectancy": 76.4268292682927,
        "longitude": 24.7586,
        "name": "Estonia",
        "population": 1436634,
        "year": 2012
    },
    {
        "alpha2_code": "et",
        "continent": "Africa",
        "gdp": 42805215879.4552,
        "latitude": 9.02274,
        "life_expectancy": 62.9659512195122,
        "longitude": 38.7468,
        "name": "Ethiopia",
        "population": 57023519,
        "year": 2012
    },
    {
        "alpha2_code": "fi",
        "continent": "Europe",
        "gdp": 247143237013.414,
        "latitude": 60.1608,
        "life_expectancy": 80.6268292682927,
        "longitude": 24.9525,
        "name": "Finland",
        "population": 5107790,
        "year": 2012
    },
    {
        "alpha2_code": "fr",
        "continent": "Europe",
        "gdp": 2611221313281.69,
        "latitude": 48.8566,
        "life_expectancy": 82.5658536585366,
        "longitude": 2.35097,
        "name": "France",
        "population": 59540711,
        "year": 2012
    },
    {
        "alpha2_code": "ga",
        "continent": "Africa",
        "gdp": 17843815459.3005,
        "latitude": 0.38832,
        "life_expectancy": 63.0739268292683,
        "longitude": 9.45162,
        "name": "Gabon",
        "population": 1080477,
        "year": 2012
    },
    {
        "alpha2_code": "gb",
        "continent": "Europe",
        "gdp": 2461768284867.76,
        "latitude": 51.5002,
        "life_expectancy": 81.5,
        "longitude": -0.126236,
        "name": "United Kingdom",
        "population": 58019030,
        "year": 2012
    },
    {
        "alpha2_code": "ge",
        "continent": "Asia",
        "gdp": 15846484587.9004,
        "latitude": 41.71,
        "life_expectancy": 73.9448780487805,
        "longitude": 44.793,
        "name": "Georgia",
        "population": 4734000,
        "year": 2012
    },
    {
        "alpha2_code": "gh",
        "continent": "Africa",
        "gdp": 41740897827.3579,
        "latitude": 5.57045,
        "life_expectancy": 60.9471219512195,
        "longitude": -0.20795,
        "name": "Ghana",
        "population": 16760926,
        "year": 2012
    },
    {
        "alpha2_code": "gn",
        "continent": "Africa",
        "gdp": 5651088170.28606,
        "latitude": 9.51667,
        "life_expectancy": 55.8446585365854,
        "longitude": -13.7,
        "name": "Guinea",
        "population": 7837173,
        "year": 2012
    },
    {
        "alpha2_code": "gr",
        "continent": "Europe",
        "gdp": 248424267493.672,
        "latitude": 37.9792,
        "life_expectancy": 80.6341463414634,
        "longitude": 23.7166,
        "name": "Greece",
        "population": 10634385,
        "year": 2012
    },
    {
        "alpha2_code": "gt",
        "continent": "Americas",
        "gdp": 50388454861.1111,
        "latitude": 14.6248,
        "life_expectancy": 71.6638536585366,
        "longitude": -90.5328,
        "name": "Guatemala",
        "population": 9983861,
        "year": 2012
    },
    {
        "alpha2_code": "hk",
        "continent": "Asia",
        "gdp": 262630086122.428,
        "latitude": 22.3964,
        "life_expectancy": 83.4804878048781,
        "longitude": 114.109,
        "name": "Hong Kong",
        "population": 6156100,
        "year": 2012
    },
    {
        "alpha2_code": "hn",
        "continent": "Americas",
        "gdp": 18564264544.5129,
        "latitude": 15.1333,
        "life_expectancy": 73.4934390243903,
        "longitude": -87.4667,
        "name": "Honduras",
        "population": 5591935,
        "year": 2012
    },
    {
        "alpha2_code": "hr",
        "continent": "Europe",
        "gdp": 56155732956.8311,
        "latitude": 45.8069,
        "life_expectancy": 76.9243902439024,
        "longitude": 15.9614,
        "name": "Croatia",
        "population": 4669000,
        "year": 2012
    },
    {
        "alpha2_code": "hu",
        "continent": "Europe",
        "gdp": 124600394632.115,
        "latitude": 47.4984,
        "life_expectancy": 75.0634146341463,
        "longitude": 19.0408,
        "name": "Hungary",
        "population": 10328965,
        "year": 2012
    },
    {
        "alpha2_code": "id",
        "continent": "Asia",
        "gdp": 876719347689.156,
        "latitude": -6.19752,
        "life_expectancy": 70.607243902439,
        "longitude": 106.83,
        "name": "Indonesia",
        "population": 194100000,
        "year": 2012
    },
    {
        "alpha2_code": "in",
        "continent": "Asia",
        "gdp": 1858744737180.09,
        "latitude": 28.6353,
        "life_expectancy": 66.2108536585366,
        "longitude": 77.225,
        "name": "India",
        "population": 955800000,
        "year": 2012
    },
    {
        "alpha2_code": "ir",
        "continent": "Asia",
        "gdp": 502729273637.903,
        "latitude": 35.6878,
        "life_expectancy": 73.7627317073171,
        "longitude": 51.4447,
        "name": "Iran",
        "population": 60468352,
        "year": 2012
    },
    {
        "alpha2_code": "il",
        "continent": "Asia",
        "gdp": 257621957026.894,
        "latitude": 31.7717,
        "life_expectancy": 81.7048780487805,
        "longitude": 35.2035,
        "name": "Israel",
        "population": 5545000,
        "year": 2012
    },
    {
        "alpha2_code": "it",
        "continent": "Europe",
        "gdp": 2013265404945.58,
        "latitude": 41.8955,
        "life_expectancy": 82.9365853658537,
        "longitude": 12.4823,
        "name": "Italy",
        "population": 56844303,
        "year": 2012
    },
    {
        "alpha2_code": "jo",
        "continent": "Asia",
        "gdp": 31015239496.4411,
        "latitude": 31.9497,
        "life_expectancy": 73.7473902439024,
        "longitude": 35.9263,
        "name": "Jordan",
        "population": 4195000,
        "year": 2012
    },
    {
        "alpha2_code": "jp",
        "continent": "Asia",
        "gdp": 5937766585287.84,
        "latitude": 35.67,
        "life_expectancy": 83.0960975609756,
        "longitude": 139.77,
        "name": "Japan",
        "population": 125400000,
        "year": 2012
    },
    {
        "alpha2_code": "kz",
        "continent": "Asia",
        "gdp": 203517198088.691,
        "latitude": 51.1879,
        "life_expectancy": 69.61,
        "longitude": 71.4382,
        "name": "Kazakhstan",
        "population": 15815626,
        "year": 2012
    },
    {
        "alpha2_code": "ke",
        "continent": "Africa",
        "gdp": 40264403584.5578,
        "latitude": -1.27975,
        "life_expectancy": 61.0831707317073,
        "longitude": 36.8126,
        "name": "Kenya",
        "population": 27418077,
        "year": 2012
    },
    {
        "alpha2_code": "kg",
        "continent": "Asia",
        "gdp": 6605133551.04298,
        "latitude": 42.8851,
        "life_expectancy": 70.0024390243902,
        "longitude": 74.6057,
        "name": "Kyrgyzstan",
        "population": 4560400,
        "year": 2012
    },
    {
        "alpha2_code": "kh",
        "continent": "Asia",
        "gdp": 14054443213.4731,
        "latitude": 11.5556,
        "life_expectancy": 71.4088292682927,
        "longitude": 104.874,
        "name": "Cambodia",
        "population": 10769198,
        "year": 2012
    },
    {
        "alpha2_code": "kr",
        "continent": "Asia",
        "gdp": 1222807167488.95,
        "latitude": 37.5323,
        "life_expectancy": 81.3682926829268,
        "longitude": 126.957,
        "name": "Korea, Rep.",
        "population": 45093000,
        "year": 2012
    },
    {
        "alpha2_code": "kw",
        "continent": "Asia",
        "gdp": 183219310563.351,
        "latitude": 29.3721,
        "life_expectancy": 74.359,
        "longitude": 47.9824,
        "name": "Kuwait",
        "population": 1586123,
        "year": 2012
    },
    {
        "alpha2_code": "la",
        "continent": "Asia",
        "gdp": 9386913252.55541,
        "latitude": 18.5826,
        "life_expectancy": 67.8059268292683,
        "longitude": 102.177,
        "name": "Lao PDR",
        "population": 4871472,
        "year": 2012
    },
    {
        "alpha2_code": "lb",
        "continent": "Asia",
        "gdp": 43205095854.063,
        "latitude": 33.8872,
        "life_expectancy": 79.8463658536585,
        "longitude": 35.5134,
        "name": "Lebanon",
        "population": 3033406,
        "year": 2012
    },
    {
        "alpha2_code": "lr",
        "continent": "Africa",
        "gdp": 1733828404.74142,
        "latitude": 6.30039,
        "life_expectancy": 60.2063902439024,
        "longitude": -10.7957,
        "name": "Liberia",
        "population": 2079921,
        "year": 2012
    },
    {
        "alpha2_code": "lk",
        "continent": "Asia",
        "gdp": 59393056426.3323,
        "latitude": 6.92148,
        "life_expectancy": 74.0680487804878,
        "longitude": 79.8528,
        "name": "Sri Lanka",
        "population": 18136000,
        "year": 2012
    },
    {
        "alpha2_code": "lt",
        "continent": "Europe",
        "gdp": 42343559195.8302,
        "latitude": 54.6896,
        "life_expectancy": 73.8634146341464,
        "longitude": 25.2799,
        "name": "Lithuania",
        "population": 3629102,
        "year": 2012
    },
    {
        "alpha2_code": "lv",
        "continent": "Europe",
        "gdp": 28372577696.5265,
        "latitude": 56.9465,
        "life_expectancy": 73.7780487804878,
        "longitude": 24.1048,
        "name": "Latvia",
        "population": 2485056,
        "year": 2012
    },
    {
        "alpha2_code": "ma",
        "continent": "Africa",
        "gdp": 95981572517.1671,
        "latitude": 33.9905,
        "life_expectancy": 70.6431219512195,
        "longitude": -6.8704,
        "name": "Morocco",
        "population": 26833093,
        "year": 2012
    },
    {
        "alpha2_code": "md",
        "continent": "Europe",
        "gdp": 7284686576.2835,
        "latitude": 47.0167,
        "life_expectancy": 68.6934146341464,
        "longitude": 28.8497,
        "name": "Moldova",
        "population": 3675099,
        "year": 2012
    },
    {
        "alpha2_code": "mg",
        "continent": "Africa",
        "gdp": 9880703882.70157,
        "latitude": -20.4667,
        "life_expectancy": 64.2486341463415,
        "longitude": 45.7167,
        "name": "Madagascar",
        "population": 13452526,
        "year": 2012
    },
    {
        "alpha2_code": "mx",
        "continent": "Americas",
        "gdp": 1186460890129.93,
        "latitude": 19.427,
        "life_expectancy": 77.1350731707317,
        "longitude": -99.1276,
        "name": "Mexico",
        "population": 95392647,
        "year": 2012
    },
    {
        "alpha2_code": "mk",
        "continent": "Europe",
        "gdp": 9576482627.85992,
        "latitude": 42.0024,
        "life_expectancy": 75.0312682926829,
        "longitude": 21.4361,
        "name": "Macedonia",
        "population": 1967013,
        "year": 2012
    },
    {
        "alpha2_code": "ml",
        "continent": "Africa",
        "gdp": 10340794110.1366,
        "latitude": 13.5667,
        "life_expectancy": 54.6039268292683,
        "longitude": -7.50034,
        "name": "Mali",
        "population": 8988853,
        "year": 2012
    },
    {
        "alpha2_code": "mn",
        "continent": "Asia",
        "gdp": 10321968594.7799,
        "latitude": 47.9129,
        "life_expectancy": 67.3394390243902,
        "longitude": 106.937,
        "name": "Mongolia",
        "population": 2298063,
        "year": 2012
    },
    {
        "alpha2_code": "mz",
        "continent": "Africa",
        "gdp": 14376457305.3314,
        "latitude": -25.9664,
        "life_expectancy": 49.8362682926829,
        "longitude": 32.5713,
        "name": "Mozambique",
        "population": 15981571,
        "year": 2012
    },
    {
        "alpha2_code": "mr",
        "continent": "Africa",
        "gdp": 3958701368.75464,
        "latitude": 18.2367,
        "life_expectancy": 61.3506097560976,
        "longitude": -15.9824,
        "name": "Mauritania",
        "population": 2334388,
        "year": 2012
    },
    {
        "alpha2_code": "mu",
        "continent": "Africa",
        "gdp": 11442063227.9534,
        "latitude": -20.1605,
        "life_expectancy": 73.5663414634146,
        "longitude": 57.4977,
        "name": "Mauritius",
        "population": 1122457,
        "year": 2012
    },
    {
        "alpha2_code": "mw",
        "continent": "Africa",
        "gdp": 4240492848.82334,
        "latitude": -13.9899,
        "life_expectancy": 54.7237804878049,
        "longitude": 33.7703,
        "name": "Malawi",
        "population": 9964065,
        "year": 2012
    },
    {
        "alpha2_code": "my",
        "continent": "Asia",
        "gdp": 305032745224.598,
        "latitude": 3.12433,
        "life_expectancy": 74.8422926829268,
        "longitude": 101.684,
        "name": "Malaysia",
        "population": 20725374,
        "year": 2012
    },
    {
        "alpha2_code": "ng",
        "continent": "Africa",
        "gdp": 462979245902.413,
        "latitude": 9.05804,
        "life_expectancy": 52.1090243902439,
        "longitude": 7.48906,
        "name": "Nigeria",
        "population": 108400000,
        "year": 2012
    },
    {
        "alpha2_code": "ni",
        "continent": "Americas",
        "gdp": 10644973605.6433,
        "latitude": 12.1475,
        "life_expectancy": 74.4653902439024,
        "longitude": -86.2734,
        "name": "Nicaragua",
        "population": 4659458,
        "year": 2012
    },
    {
        "alpha2_code": "nl",
        "continent": "Europe",
        "gdp": 770066718924.593,
        "latitude": 52.3738,
        "life_expectancy": 81.1048780487805,
        "longitude": 4.89095,
        "name": "Netherlands",
        "population": 15459006,
        "year": 2012
    },
    {
        "alpha2_code": "no",
        "continent": "Europe",
        "gdp": 500029909755.049,
        "latitude": 59.9138,
        "life_expectancy": 81.4512195121951,
        "longitude": 10.7387,
        "name": "Norway",
        "population": 4359184,
        "year": 2012
    },
    {
        "alpha2_code": "nz",
        "continent": "Oceania",
        "gdp": 171461480706.168,
        "latitude": -41.2865,
        "life_expectancy": 81.1560975609756,
        "longitude": 174.776,
        "name": "New Zealand",
        "population": 3673400,
        "year": 2012
    },
    {
        "alpha2_code": "om",
        "continent": "Asia",
        "gdp": 78289467471.1409,
        "latitude": 23.6105,
        "life_expectancy": 76.5910487804878,
        "longitude": 58.5874,
        "name": "Oman",
        "population": 2154600,
        "year": 2012
    },
    {
        "alpha2_code": "pk",
        "continent": "Asia",
        "gdp": 224880171658.255,
        "latitude": 30.5167,
        "life_expectancy": 66.4358780487805,
        "longitude": 72.8,
        "name": "Pakistan",
        "population": 126700000,
        "year": 2012
    },
    {
        "alpha2_code": "pa",
        "continent": "Americas",
        "gdp": 37956200000.0,
        "latitude": 8.99427,
        "life_expectancy": 77.3680975609756,
        "longitude": -79.5188,
        "name": "Panama",
        "population": 2757004,
        "year": 2012
    },
    {
        "alpha2_code": "pe",
        "continent": "Americas",
        "gdp": 192636058713.622,
        "latitude": -12.0931,
        "life_expectancy": 74.5155365853659,
        "longitude": -77.0465,
        "name": "Peru",
        "population": 23939261,
        "year": 2012
    },
    {
        "alpha2_code": "ph",
        "continent": "Asia",
        "gdp": 250182019476.324,
        "latitude": 14.5515,
        "life_expectancy": 68.5537317073171,
        "longitude": 121.035,
        "name": "Philippines",
        "population": 69606539,
        "year": 2012
    },
    {
        "alpha2_code": "pg",
        "continent": "Oceania",
        "gdp": 15653921367.2759,
        "latitude": -9.47357,
        "life_expectancy": 62.2989268292683,
        "longitude": 147.194,
        "name": "Papua New Guinea",
        "population": 4715929,
        "year": 2012
    },
    {
        "alpha2_code": "pl",
        "continent": "Europe",
        "gdp": 490212958697.989,
        "latitude": 52.26,
        "life_expectancy": 76.7975609756098,
        "longitude": 21.02,
        "name": "Poland",
        "population": 38594998,
        "year": 2012
    },
    {
        "alpha2_code": "pt",
        "continent": "Europe",
        "gdp": 212140251057.284,
        "latitude": 38.7072,
        "life_expectancy": 80.3731707317073,
        "longitude": -9.13552,
        "name": "Portugal",
        "population": 10030376,
        "year": 2012
    },
    {
        "alpha2_code": "py",
        "continent": "Americas",
        "gdp": 24611040342.6795,
        "latitude": -25.3005,
        "life_expectancy": 72.1937317073171,
        "longitude": -57.6362,
        "name": "Paraguay",
        "population": 4801834,
        "year": 2012
    },
    {
        "alpha2_code": "ru",
        "continent": "Europe",
        "gdp": 2017470930421.08,
        "latitude": 55.7558,
        "life_expectancy": 70.4609756097561,
        "longitude": 37.6176,
        "name": "Russia",
        "population": 148100000,
        "year": 2012
    },
    {
        "alpha2_code": "sa",
        "continent": "Asia",
        "gdp": 733955733333.333,
        "latitude": 24.6748,
        "life_expectancy": 75.4969024390244,
        "longitude": 46.6977,
        "name": "Saudi Arabia",
        "population": 18567343,
        "year": 2012
    },
    {
        "alpha2_code": "sn",
        "continent": "Africa",
        "gdp": 14045680426.6265,
        "latitude": 14.7247,
        "life_expectancy": 63.2021707317073,
        "longitude": -17.4734,
        "name": "Senegal",
        "population": 8711528,
        "year": 2012
    },
    {
        "alpha2_code": "sg",
        "continent": "Asia",
        "gdp": 286908399901.812,
        "latitude": 1.28941,
        "life_expectancy": 82.1439024390244,
        "longitude": 103.85,
        "name": "Singapore",
        "population": 3524500,
        "year": 2012
    },
    {
        "alpha2_code": "sv",
        "continent": "Americas",
        "gdp": 23813600000.0,
        "latitude": 13.7034,
        "life_expectancy": 72.1045365853659,
        "longitude": -89.2073,
        "name": "El Salvador",
        "population": 5748013,
        "year": 2012
    },
    {
        "alpha2_code": "sk",
        "continent": "Europe",
        "gdp": 91347809328.0226,
        "latitude": 48.1484,
        "life_expectancy": 76.109756097561,
        "longitude": 17.1073,
        "name": "Slovak Republic",
        "population": 5361999,
        "year": 2012
    },
    {
        "alpha2_code": "si",
        "continent": "Europe",
        "gdp": 45379174408.3258,
        "latitude": 46.0546,
        "life_expectancy": 80.1243902439024,
        "longitude": 14.5044,
        "name": "Slovenia",
        "population": 1989872,
        "year": 2012
    },
    {
        "alpha2_code": "se",
        "continent": "Europe",
        "gdp": 523941063360.369,
        "latitude": 59.3327,
        "life_expectancy": 81.7048780487805,
        "longitude": 18.0645,
        "name": "Sweden",
        "population": 8826939,
        "year": 2012
    },
    {
        "alpha2_code": "sy",
        "continent": "Asia",
        "gdp": 0.0,
        "latitude": 33.5146,
        "life_expectancy": 74.7107073170732,
        "longitude": 36.3119,
        "name": "Syrian Arab Republic",
        "population": 14338240,
        "year": 2012
    },
    {
        "alpha2_code": "th",
        "continent": "Asia",
        "gdp": 365965815820.015,
        "latitude": 13.7308,
        "life_expectancy": 74.1879756097561,
        "longitude": 100.521,
        "name": "Thailand",
        "population": 58983954,
        "year": 2012
    },
    {
        "alpha2_code": "tj",
        "continent": "Asia",
        "gdp": 7633049792.09321,
        "latitude": 38.5878,
        "life_expectancy": 67.2571707317073,
        "longitude": 68.7864,
        "name": "Tajikistan",
        "population": 5784330,
        "year": 2012
    },
    {
        "alpha2_code": "tm",
        "continent": "Asia",
        "gdp": 35164210526.3158,
        "latitude": 37.9509,
        "life_expectancy": 65.3135853658537,
        "longitude": 58.3794,
        "name": "Turkmenistan",
        "population": 4188010,
        "year": 2012
    },
    {
        "alpha2_code": "tt",
        "continent": "Americas",
        "gdp": 23436342519.9322,
        "latitude": 10.6596,
        "life_expectancy": 69.8171463414634,
        "longitude": -61.4789,
        "name": "Trinidad and Tobago",
        "population": 1255001,
        "year": 2012
    },
    {
        "alpha2_code": "tn",
        "continent": "Africa",
        "gdp": 45238491580.767,
        "latitude": 36.7899,
        "life_expectancy": 75.1,
        "longitude": 10.21,
        "name": "Tunisia",
        "population": 8957500,
        "year": 2012
    },
    {
        "alpha2_code": "tr",
        "continent": "Asia",
        "gdp": 788863301681.214,
        "latitude": 39.7153,
        "life_expectancy": 74.8624390243903,
        "longitude": 32.3606,
        "name": "Turkey",
        "population": 58522320,
        "year": 2012
    },
    {
        "alpha2_code": "tz",
        "continent": "Africa",
        "gdp": 28248631876.484,
        "latitude": -6.17486,
        "life_expectancy": 60.8464390243902,
        "longitude": 35.7382,
        "name": "Tanzania",
        "population": 29944302,
        "year": 2012
    },
    {
        "alpha2_code": "ug",
        "continent": "Africa",
        "gdp": 20032237910.2417,
        "latitude": 0.314269,
        "life_expectancy": 58.6479756097561,
        "longitude": 32.5729,
        "name": "Uganda",
        "population": 20740726,
        "year": 2012
    },
    {
        "alpha2_code": "ua",
        "continent": "Europe",
        "gdp": 176603428857.465,
        "latitude": 50.4536,
        "life_expectancy": 70.9441463414634,
        "longitude": 30.5038,
        "name": "Ukraine",
        "population": 51512299,
        "year": 2012
    },
    {
        "alpha2_code": "uy",
        "continent": "Americas",
        "gdp": 50004354666.9539,
        "latitude": -34.8941,
        "life_expectancy": 76.9078292682927,
        "longitude": -56.0675,
        "name": "Uruguay",
        "population": 3224383,
        "year": 2012
    },
    {
        "alpha2_code": "us",
        "continent": "Americas",
        "gdp": 16244600000000.0,
        "latitude": 38.8895,
        "life_expectancy": 78.7414634146342,
        "longitude": -77.032,
        "name": "United States",
        "population": 266300000,
        "year": 2012
    },
    {
        "alpha2_code": "uz",
        "continent": "Asia",
        "gdp": 51183443224.9939,
        "latitude": 41.3052,
        "life_expectancy": 68.104,
        "longitude": 69.269,
        "name": "Uzbekistan",
        "population": 22785000,
        "year": 2012
    },
    {
        "alpha2_code": "ve",
        "continent": "Americas",
        "gdp": 381286223859.371,
        "latitude": 9.08165,
        "life_expectancy": 74.487512195122,
        "longitude": -69.8371,
        "name": "Venezuela",
        "population": 22092144,
        "year": 2012
    },
    {
        "alpha2_code": "vn",
        "continent": "Asia",
        "gdp": 155820001920.492,
        "latitude": 21.0069,
        "life_expectancy": 75.6066829268293,
        "longitude": 105.825,
        "name": "Viet Nam",
        "population": 71995500,
        "year": 2012
    },
    {
        "alpha2_code": "ye",
        "continent": "Asia",
        "gdp": 31992801302.9316,
        "latitude": 15.352,
        "life_expectancy": 62.9057804878049,
        "longitude": 44.2075,
        "name": "Yemen",
        "population": 15018201,
        "year": 2012
    },
    {
        "alpha2_code": "za",
        "continent": "Africa",
        "gdp": 382337636447.523,
        "latitude": -25.746,
        "life_expectancy": 56.0983170731707,
        "longitude": 28.1871,
        "name": "South Africa",
        "population": 39120000,
        "year": 2012
    },
    {
        "alpha2_code": "zm",
        "continent": "Africa",
        "gdp": 20596424325.1368,
        "latitude": -15.3982,
        "life_expectancy": 57.0225853658537,
        "longitude": 28.2937,
        "name": "Zambia",
        "population": 8841338,
        "year": 2012
    },
    {
        "alpha2_code": "zw",
        "continent": "Africa",
        "gdp": 12472416688.2233,
        "latitude": -17.8312,
        "life_expectancy": 58.0459756097561,
        "longitude": 31.0672,
        "name": "Zimbabwe",
        "population": 11639364,
        "year": 2012
    }
]